session_id,topic_id,query,query_id,doc_url,id
0,629, bollywood growth india mumbai industry,0,https://www.indiewire.com/2013/10/why-is-bollywood-such-a-powerful-industry-mumbai-provides-an-answer-33491/,0
0,629, bollywood growth india mumbai industry,0,https://www.guwahatiplus.com/the-birth-and-growth-of-bollywood,1
0,629, bollywood growth india mumbai industry,0,https://www.masterclass.com/articles/what-is-bollywood,2
0,629, bollywood growth india mumbai industry,0,https://www.isc.hbs.edu/Documents/resources/courses/moc-course-at-harvard/pdf/student-projects/India_%28Maharashtra%29_Film_2008.pdf,3
0,629, bollywood growth india mumbai industry,0,https://www.statista.com/topics/2140/film-industry-in-india/,4
0,629, bollywood growth india mumbai industry,0,https://journals.sagepub.com/doi/full/10.1177/20594364211022605,5
0,629, bollywood growth india mumbai industry,0,https://www.weforum.org/agenda/2019/01/how-can-bollywood-shape-the-future-of-globalization/,6
0,629, bollywood growth india mumbai industry,0,https://trunicle.com/why-should-indian-film-industry-shift-out-of-mumbai-maharashtra/,7
0,629, bollywood growth india mumbai industry,0,https://www.quora.com/Why-is-Bollywood-a-Hindi-movie-industry-based-in-Mumbai-a-city-in-Maharashtra-and-not-anywhere-in-the-Hindi-region,8
0,629, bollywood growth india mumbai industry,0,https://www.npr.org/2008/07/16/91965350/growing-pains-in-the-land-of-bollywood,9
1,1020, breeds bred designer purebred dog,0,https://www.rover.com/blog/designer-dog-breeds/,10
1,1020, breeds bred designer purebred dog,0,https://vcahospitals.com/know-your-pet/designer-dog-breeds,11
1,1020, breeds bred designer purebred dog,0,https://www.thewildest.com/dog-lifestyle/truth-behind-designer-dogs-and-dog-breeding,12
1,1020, breeds bred designer purebred dog,0,https://www.thesprucepets.com/what-is-a-designer-dog-breed-1118093,13
1,1020, breeds bred designer purebred dog,0,https://www.petassure.com/new-newsletters/whats-the-difference-designer-or-hybrid-breeds/,14
1,1020, breeds bred designer purebred dog,0,https://ocm.auburn.edu/experts/2019/10/010117-designer-dogs-breeding.php,15
1,1020, breeds bred designer purebred dog,0,https://www.fidosavvy.com/designer-dog-breeds.html,16
1,1020, breeds bred designer purebred dog,0,https://time.com/designer-dogs/,17
1,1020, breeds bred designer purebred dog,0,https://www.dogbreedinfo.com/designerdogs.htm,18
1,1020, breeds bred designer purebred dog,0,https://petkeen.com/designer-dog-breeds/,19
2,980, kenya swahili cooking dishes cook,0,https://www.pinterest.com/slutomia/swahili-food/,20
2,980, kenya swahili cooking dishes cook,0,https://www.pinterest.com/dkarama/swahili-recipes/,21
2,980, kenya swahili cooking dishes cook,0,https://cookpad.com/us/search/swahili,22
2,980, kenya swahili cooking dishes cook,0,https://www.tuko.co.ke/271894-best-kenyan-swahili-dishes-recipes.html,23
2,980, kenya swahili cooking dishes cook,0,https://www.kitchencounterchronicle.com/kenya-swahili-pilau/,24
2,980, kenya swahili cooking dishes cook,0,https://theculturetrip.com/africa/kenya/articles/the-swahili-cuisine-kenya-s-mouthwatering-food/,25
2,980, kenya swahili cooking dishes cook,0,https://africageographic.com/stories/six-swahili-food-dishes-wont-want-miss/,26
2,980, kenya swahili cooking dishes cook,0,https://matadornetwork.com/read/essential-kenya-dishes-swahili-coast/,27
2,980, kenya swahili cooking dishes cook,0,https://www.styleforwanderlust.com/the-style-for-wanderlust-blog/2019/6/10/swahili-food-essentials,28
2,980, kenya swahili cooking dishes cook,0,https://mayuris-jikoni.com/tag/swahili-cuisine/,29
3,380, swahili kenya cooking dish cook,0,https://www.kitchencounterchronicle.com/kenya-swahili-pilau/,30
3,380, swahili kenya cooking dish cook,0,https://www.pinterest.com/meganmacdon/swahili-cooking/,31
3,380, swahili kenya cooking dish cook,0,https://www.pinterest.com/dkarama/swahili-recipes/,32
3,380, swahili kenya cooking dish cook,0,https://www.tuko.co.ke/271894-best-kenyan-swahili-dishes-recipes.html,33
3,380, swahili kenya cooking dish cook,0,https://africageographic.com/stories/six-swahili-food-dishes-wont-want-miss/,34
3,380, swahili kenya cooking dish cook,0,https://weeatatlast.com/swahili-kenyan-pilau-rice/,35
3,380, swahili kenya cooking dish cook,0,https://weeatatlast.com/swahili-kenyan-pilau-rice/#what-is-pilau,36
3,380, swahili kenya cooking dish cook,0,https://weeatatlast.com/swahili-kenyan-pilau-rice/#how-to-make-east-african-swahili-pilau,37
3,380, swahili kenya cooking dish cook,0,https://weeatatlast.com/swahili-kenyan-pilau-rice/#useful-tips-from-my-kitchen,38
3,380, swahili kenya cooking dish cook,0,https://www.styleforwanderlust.com/the-style-for-wanderlust-blog/2019/6/10/swahili-food-essentials,39
4,342, depression unhappy sleep suffering nights,0,https://www.samhsa.gov/find-help/national-helpline,40
4,342, depression unhappy sleep suffering nights,0,https://findtreatment.samhsa.gov/,41
4,342, depression unhappy sleep suffering nights,0,https://www.samhsa.gov/find-help/atod,42
4,342, depression unhappy sleep suffering nights,0,https://www.samhsa.gov/find-help/overdose,43
4,342, depression unhappy sleep suffering nights,0,https://www.sleepfoundation.org/mental-health/depression-and-sleep,44
4,342, depression unhappy sleep suffering nights,0,https://www.healthline.com/health/depression-at-night,45
4,342, depression unhappy sleep suffering nights,0,https://www.hopkinsmedicine.org/health/wellness-and-prevention/depression-and-sleep-understanding-the-connection,46
4,342, depression unhappy sleep suffering nights,0,https://www.webmd.com/depression/sleep-depression,47
4,342, depression unhappy sleep suffering nights,0,https://www.webmd.com/depression/guide/depression-sleep-disorder,48
4,342, depression unhappy sleep suffering nights,0,https://health.clevelandclinic.org/what-you-should-know-about-the-relationship-between-oversleeping-and-depression/,49
5,1391, bull drinks drink red ban,0,https://www.medicalnewstoday.com/articles/5753,50
5,1391, bull drinks drink red ban,0,https://reizeclub.com/red-bull-banned-france/,51
5,1391, bull drinks drink red ban,0,https://www.drinks-insight-network.com/comment/energy-drinks-marketing-faces-tough-times-ahead/,52
5,1391, bull drinks drink red ban,0,https://energydrinkhub.com/why-red-bull-banned-france/,53
5,1391, bull drinks drink red ban,0,https://energydrinkhub.com/why-red-bull-banned-france/#Why_Red_Bull_Got_Banned,54
5,1391, bull drinks drink red ban,0,https://energydrinkhub.com/why-red-bull-banned-france/#Does_Red_Bull_Have_Any_Side-Effects,55
5,1391, bull drinks drink red ban,0,https://energydrinkhub.com/why-red-bull-banned-france/#Is_Taurine_Safe,56
5,1391, bull drinks drink red ban,0,https://www.reuters.com/article/us-france-redbull/france-ends-12-year-ban-on-energy-drink-red-bull-idUSL1576964720080715,57
5,1391, bull drinks drink red ban,0,https://www.beveragedaily.com/Article/2014/03/04/Red-Bull-surprised-by-Saudi-Arabia-energy-drinks-advertising-ban,58
5,1391, bull drinks drink red ban,0,https://www.latimes.com/socal/burbank-leader/news/tn-blr-xpm-2000-11-04-export15718-story.html,59
6,751, collagen vascular disease diagnosed sport,0,https://journals.sagepub.com/doi/pdf/10.1177/1358863X10382944,60
6,751, collagen vascular disease diagnosed sport,0,https://www.intechopen.com/chapters/65765,61
6,751, collagen vascular disease diagnosed sport,0,https://www.nm.org/conditions-and-care-areas/dermatology/collagen-vascular-disease/causes-and-diagnoses,62
6,751, collagen vascular disease diagnosed sport,0,https://www.nm.org/conditions-and-care-areas/dermatology/collagen-vascular-disease,63
6,751, collagen vascular disease diagnosed sport,0,https://www.ncbi.nlm.nih.gov/pmc/articles/PMC4232436/,64
6,751, collagen vascular disease diagnosed sport,0,https://pubmed.ncbi.nlm.nih.gov/20884798/,65
6,751, collagen vascular disease diagnosed sport,0,https://www.nicklauschildrens.org/conditions/collagen-vascular-diseases,66
6,751, collagen vascular disease diagnosed sport,0,https://kristv.com/news/local-news/2019/05/06/collagen-vascular-disease-makes-the-bodys-immune-system-attacks-its-own-tissues/,67
6,751, collagen vascular disease diagnosed sport,0,https://jamanetwork.com/journals/jamanetworkopen/fullarticle/2776548,68
6,751, collagen vascular disease diagnosed sport,0,https://oxfordmedicine.com/view/10.1093/med/9780198569381.001.0001/med-9780198569381-chapter-036,69
7,520, glassblowing glass edison bulb advances,0,https://asgs-glass.org/what-is-scientific-glassblowing/,70
7,520, glassblowing glass edison bulb advances,0,http://www.historyofglass.com/glass-history/glass-blowing-history/,71
7,520, glassblowing glass edison bulb advances,0,http://www.chem.latech.edu/~upali/chem281/glassblowing/glassblowing1.htm,72
7,520, glassblowing glass edison bulb advances,0,https://www.southampton.ac.uk/scas/scientific-glassblowing.page,73
7,520, glassblowing glass edison bulb advances,0,https://www.theatlantic.com/technology/archive/2018/04/humankinds-most-important-material/557315/,74
7,520, glassblowing glass edison bulb advances,0,https://www.thehouseofglassinc.com/glasshistory.htm,75
7,520, glassblowing glass edison bulb advances,0,https://en.wikipedia.org/wiki/Scientific_glassblowing,76
7,520, glassblowing glass edison bulb advances,0,https://qsstudy.com/what-is-scientific-glassblowing/,77
7,520, glassblowing glass edison bulb advances,0,https://www.pinterest.com/pin/826692075346602023/,78
7,520, glassblowing glass edison bulb advances,0,https://www.amazon.com/Progress-Lighting-P350145-143-One-Light-Graphite/dp/B07T3NFL6H,79
8,550, mitigating guns banning violence constitutional,0,https://www.judiciary.senate.gov/major-cities-chief-association-letter,80
8,550, mitigating guns banning violence constitutional,0,https://abcnews.go.com/US/amendment-losing-relevance-gun-debate/story?id=79474562,81
8,550, mitigating guns banning violence constitutional,0,https://www.cwla.org/the-impact-of-gun-violence-on-children-families-communities/,82
8,550, mitigating guns banning violence constitutional,0,https://efsgv.org/learn/type-of-gun-violence/community-gun-violence/,83
8,550, mitigating guns banning violence constitutional,0,https://www.theregreview.org/2022/02/23/penava-arguments-against-statutory-second-amendment/,84
8,550, mitigating guns banning violence constitutional,0,https://www.socialstudies.org/sites/default/files/publications/se/6105/610502.html,85
8,550, mitigating guns banning violence constitutional,0,https://www.supremecourt.gov/opinions/07pdf/07-290.pdf,86
8,550, mitigating guns banning violence constitutional,0,https://library.ship.edu/c.php?g=21651&p=126895,87
8,550, mitigating guns banning violence constitutional,0,https://www.apa.org/pubs/reports/gun-violence-prevention,88
8,550, mitigating guns banning violence constitutional,0,https://www.illinois.gov/news/press-release.23654.html,89
9,932, entrepreneur succeed venture young web,0,https://www.entrepreneur.com/,90
9,932, entrepreneur succeed venture young web,0,https://www.entrepreneur.com/article/300786,91
9,932, entrepreneur succeed venture young web,0,https://www.entrepreneur.com/article/247540,92
9,932, entrepreneur succeed venture young web,0,https://www.entrepreneur.com/article/395724,93
9,932, entrepreneur succeed venture young web,0,https://www.investopedia.com/10-successful-young-entrepreneurs-4773310,94
9,932, entrepreneur succeed venture young web,0,https://www.ey.com/en_us/growth/how-to-help-young-entrepreneurs-succeed,95
9,932, entrepreneur succeed venture young web,0,https://www.inc.com/drew-hendricks/50-best-websites-for-entrepreneurs.html,96
9,932, entrepreneur succeed venture young web,0,https://www.businessnewsdaily.com/5051-young-entrepreneurs.html,97
9,932, entrepreneur succeed venture young web,0,https://hbr.org/1996/11/the-questions-every-entrepreneur-must-answer,98
9,932, entrepreneur succeed venture young web,0,https://onlinebusiness.northeastern.edu/blog/types-of-entrepreneurship/,99
10,460, infants developmental milestones age culture,0,https://www.frontiersin.org/articles/10.3389/fpsyg.2020.00119/full,100
10,460, infants developmental milestones age culture,0,https://www.frontiersin.org/articles/10.3389/fpsyg.2020.00119/full#h2,101
10,460, infants developmental milestones age culture,0,https://www.frontiersin.org/articles/10.3389/fpsyg.2020.00119/full#h3,102
10,460, infants developmental milestones age culture,0,https://www.frontiersin.org/articles/10.3389/fpsyg.2020.00119/full#h4,103
10,460, infants developmental milestones age culture,0,https://www.frontiersin.org/articles/10.3389/fpsyg.2020.00119/full#h5,104
10,460, infants developmental milestones age culture,0,https://lifestyle.howstuffworks.com/family/parenting/parenting-tips/child-development-milestones.htm,105
10,460, infants developmental milestones age culture,0,https://lifestyle.howstuffworks.com/family/parenting/parenting-tips/child-development-milestones.htm#pt1,106
10,460, infants developmental milestones age culture,0,https://lifestyle.howstuffworks.com/family/parenting/parenting-tips/child-development-milestones.htm#pt2,107
10,460, infants developmental milestones age culture,0,https://lifestyle.howstuffworks.com/family/parenting/parenting-tips/child-development-milestones.htm#pt4,108
10,460, infants developmental milestones age culture,0,https://www.sciencenews.org/article/culture-helps-shape-when-babies-learn-walk,109
11,720, naturalism evidence philosophy argument existence,0,https://www.newdualism.org/papers/D.Synnestvedt/naturalism.htm,110
11,720, naturalism evidence philosophy argument existence,0,https://plato.stanford.edu/entries/naturalism/,111
11,720, naturalism evidence philosophy argument existence,0,https://plato.stanford.edu/entries/lawphil-naturalism/,112
11,720, naturalism evidence philosophy argument existence,0,https://www.britannica.com/topic/naturalism-philosophy,113
11,720, naturalism evidence philosophy argument existence,0,https://en.wikipedia.org/wiki/Naturalism_(philosophy),114
11,720, naturalism evidence philosophy argument existence,0,https://www.jstor.org/stable/23013336,115
11,720, naturalism evidence philosophy argument existence,0,https://iep.utm.edu/naturali/,116
11,720, naturalism evidence philosophy argument existence,0,https://www.philosophybasics.com/branch_naturalism.html,117
11,720, naturalism evidence philosophy argument existence,0,https://ndpr.nd.edu/reviews/naturalism/,118
11,720, naturalism evidence philosophy argument existence,0,https://deepblue.lib.umich.edu/bitstream/handle/2027.42/78738/goodnick_1.pdf?sequence=1,119
12,770, exploration article space spending argument,0,https://www.planetary.org/articles/space-exploration-is-always-worthwhile,120
12,770, exploration article space spending argument,0,https://debatewise.org/137-space-exploration-is-a-waste-of-money/,121
12,770, exploration article space spending argument,0,https://debatewise.org/137-space-exploration-is-a-waste-of-money/#yes1,122
12,770, exploration article space spending argument,0,https://debatewise.org/137-space-exploration-is-a-waste-of-money/#yes8,123
12,770, exploration article space spending argument,0,https://debatewise.org/137-space-exploration-is-a-waste-of-money/#yes9,124
12,770, exploration article space spending argument,0,https://debatewise.org/137-space-exploration-is-a-waste-of-money/#yes10,125
12,770, exploration article space spending argument,0,https://time.com/5953877/spend-more-on-space-travel/,126
12,770, exploration article space spending argument,0,https://theappalachianonline.com/opinion-spending-on-space-is-wasteful/,127
12,770, exploration article space spending argument,0,https://www.thecrimson.com/column/brave-new-worlds/article/2020/5/6/leonard-illogical-case-for-space/,128
12,770, exploration article space spending argument,0,https://ysjournal.com/should-more-money-be-spent-on-space-exploration-rather-than-to-solve-humanitarian-problems-on-earth/,129
13,1100, voip providers phones phone internet,0,https://wpforms.com/best-business-voip-and-internet-phone-systems/,130
13,1100, voip providers phones phone internet,0,https://www.voipreview.org/mobile-voip-providers,131
13,1100, voip providers phones phone internet,0,https://www.pcmag.com/picks/finally-ditch-that-landline-the-best-voip-home-phone-services,132
13,1100, voip providers phones phone internet,0,https://www.pcmag.com/picks/the-best-business-voip-providers,133
13,1100, voip providers phones phone internet,0,https://www.softwaretestinghelp.com/best-voip-service-providers/,134
13,1100, voip providers phones phone internet,0,https://www.techradar.com/news/best-voip-service,135
13,1100, voip providers phones phone internet,0,https://www.techradar.com/best/best-voip-service-for-home,136
13,1100, voip providers phones phone internet,0,https://www.zdnet.com/article/best-voip-service/,137
13,1100, voip providers phones phone internet,0,https://www.g2.com/categories/voip,138
13,1100, voip providers phones phone internet,0,https://www.consumeraffairs.com/cell_phones/voip.html,139
14,780, trip road vacation enjoyable boring,0,https://magazine.northeast.aaa.com/magazine/travel/road-trips/make-sure-your-road-trip-is-not-boring/,140
14,780, trip road vacation enjoyable boring,0,https://www.lonelyplanet.com/articles/how-to-survive-a-boring-road-trip,141
14,780, trip road vacation enjoyable boring,0,https://viatravelers.com/boring-vacation/,142
14,780, trip road vacation enjoyable boring,0,https://kidshealth.org/en/parents/road-trip.html,143
14,780, trip road vacation enjoyable boring,0,https://www.liveawilderlife.com/things-to-do-on-a-road-trip/,144
14,780, trip road vacation enjoyable boring,0,https://www.pinterest.com/pin/511088257690452496/,145
14,780, trip road vacation enjoyable boring,0,https://rwethereyetmom.com/100-road-trip-boredom-busters.html,146
14,780, trip road vacation enjoyable boring,0,https://www.quora.com/How-can-I-make-a-road-trip-in-a-car-less-boring,147
14,780, trip road vacation enjoyable boring,0,https://www.travellerspoint.com/forum.cfm?thread=89868,148
14,780, trip road vacation enjoyable boring,0,https://www.annmariejohn.com/tips-for-an-exciting-road-trip-experience,149
15,682, france french 1998 studies reactions,0,https://www.researchgate.net/publication/311511845_Football_Race_and_the_Republic_A_Study_of_Reactions_to_France's_1998_World_Cup_Victory,150
15,682, france french 1998 studies reactions,0,https://www.jstor.org/stable/26378219,151
15,682, france french 1998 studies reactions,0,https://www.jstor.org/stable/2650570,152
15,682, france french 1998 studies reactions,0,https://link.springer.com/article/10.1007/s11061-010-9218-0,153
15,682, france french 1998 studies reactions,0,https://www.academia.edu/34449375/The_French_Reaction_An_ecological_approach_to_language_policy_in_metropolitan_France,154
15,682, france french 1998 studies reactions,0,https://www.amazon.com/Galileo-France-Reactions-Comparative-Literatures/dp/082045768X,155
15,682, france french 1998 studies reactions,0,https://academic.oup.com/fs/article/59/4/523/542672,156
15,682, france french 1998 studies reactions,0,https://www.reuters.com/article/us-soccer-world-m35-esp-history/spain-farewell-carries-sad-echo-of-france-1998-idUSKBN0EW0JY20140621,157
15,682, france french 1998 studies reactions,0,https://onlinelibrary.wiley.com/doi/10.1111/gove.12019,158
15,682, france french 1998 studies reactions,0,https://www.ncbi.nlm.nih.gov/pmc/articles/PMC1767655/,159
16,770, hydroelectricity hydroelectric turbines turbine kwh,0,https://www.energy.gov/eere/water/types-hydropower-plants,160
16,770, hydroelectricity hydroelectric turbines turbine kwh,0,https://www.usbr.gov/power/edu/pamphlet.pdf,161
16,770, hydroelectricity hydroelectric turbines turbine kwh,0,https://www.eia.gov/energyexplained/hydropower/,162
16,770, hydroelectricity hydroelectric turbines turbine kwh,0,https://www.eia.gov/energyexplained/hydropower/where-hydropower-is-generated.php,163
16,770, hydroelectricity hydroelectric turbines turbine kwh,0,https://www.irena.org/costs/Power-Generation-Costs/Hydropower,164
16,770, hydroelectricity hydroelectric turbines turbine kwh,0,https://www.renewablesfirst.co.uk/hydropower/hydropower-learning-centre/how-much-power-could-i-generate-from-a-hydro-turbine/,165
16,770, hydroelectricity hydroelectric turbines turbine kwh,0,http://www.wvic.com/content/how_hydropower_works.cfm,166
16,770, hydroelectricity hydroelectric turbines turbine kwh,0,http://www.wvic.com/content/facts_about_hydropower.cfm,167
16,770, hydroelectricity hydroelectric turbines turbine kwh,0,https://www.omnicalculator.com/ecology/hydroelectric-power,168
16,770, hydroelectricity hydroelectric turbines turbine kwh,0,https://www.sciencedirect.com/topics/engineering/hydroelectric-power,169
17,350, hydropower hydroelectric renewable dams fuels,0,https://www.energy.gov/eere/water/how-hydropower-works,170
17,350, hydropower hydroelectric renewable dams fuels,0,https://www.energy.gov/eere/water/benefits-hydropower,171
17,350, hydropower hydroelectric renewable dams fuels,0,https://www.eia.gov/energyexplained/hydropower/,172
17,350, hydropower hydroelectric renewable dams fuels,0,https://www.eia.gov/energyexplained/hydropower/hydropower-and-the-environment.php,173
17,350, hydropower hydroelectric renewable dams fuels,0,https://www.eia.gov/energyexplained/hydropower/where-hydropower-is-generated.php,174
17,350, hydropower hydroelectric renewable dams fuels,0,https://www.eia.gov/energyexplained/electricity/electricity-in-the-us.php,175
17,350, hydropower hydroelectric renewable dams fuels,0,https://www.usgs.gov/special-topics/water-science-school/science/hydroelectric-power-advantages-production-and-usage,176
17,350, hydropower hydroelectric renewable dams fuels,0,https://www.usgs.gov/special-topics/water-science-school/science/hydroelectric-power-water-use,177
17,350, hydropower hydroelectric renewable dams fuels,0,https://www.nationalgeographic.org/encyclopedia/hydroelectric-energy/,178
17,350, hydropower hydroelectric renewable dams fuels,0,https://www.britannica.com/science/hydroelectric-power,179
18,810, homicides massacre hobart shooting arthur,0,https://en.wikipedia.org/wiki/Port_Arthur_massacre_(Australia),180
18,810, homicides massacre hobart shooting arthur,0,https://www.britannica.com/event/Port-Arthur-Massacre,181
18,810, homicides massacre hobart shooting arthur,0,https://www.history.com/this-day-in-history/port-arthur-massacre-in-australia,182
18,810, homicides massacre hobart shooting arthur,0,https://dartcenter.org/content/port-arthur-massacre%E2%80%94april-28-1996,183
18,810, homicides massacre hobart shooting arthur,0,https://allthatsinteresting.com/martin-bryant,184
18,810, homicides massacre hobart shooting arthur,0,https://www.nbcnews.com/news/world/port-arthur-massacre-shooting-spree-changed-australia-gun-laws-n396476,185
18,810, homicides massacre hobart shooting arthur,0,https://www.youtube.com/watch?v=7FDVFg3w7wI,186
18,810, homicides massacre hobart shooting arthur,0,https://www.youtube.com/watch?v=DCyZbr-7SG0,187
18,810, homicides massacre hobart shooting arthur,0,https://www.theguardian.com/world/2016/mar/15/it-took-one-massacre-how-australia-made-gun-control-happen-after-port-arthur,188
18,810, homicides massacre hobart shooting arthur,0,https://www.washingtonpost.com/archive/politics/1996/04/29/gunman-kills-32-people-in-australia/ad64ad58-cca3-4296-bfb7-a807dc61c902/,189
19,410, kursk sank sinking submarine sea,0,https://en.wikipedia.org/wiki/Kursk_submarine_disaster,190
19,410, kursk sank sinking submarine sea,0,https://www.popularmechanics.com/military/navy-ships/a23494010/kursk-submarine-disaster/,191
19,410, kursk sank sinking submarine sea,0,https://www.britannica.com/event/Kursk-submarine-disaster,192
19,410, kursk sank sinking submarine sea,0,https://www.history.com/this-day-in-history/russian-sub-sinks-with-118-onboard,193
19,410, kursk sank sinking submarine sea,0,https://theintercept.com/2019/05/29/russia-submarine-kursk-norway-nsa/,194
19,410, kursk sank sinking submarine sea,0,https://www.rferl.org/a/the-kursk-catastrophe-a-lesson-for-putin-is-fading-from-russian-attention-20-years-later/30778500.html,195
19,410, kursk sank sinking submarine sea,0,https://www.rferl.org/a/kursk-disaster-putin-turning-point-russia/27184505.html,196
19,410, kursk sank sinking submarine sea,0,https://www.navytimes.com/flashpoints/2021/11/22/russian-admiral-kursk-disaster-caused-by-nato-sub/,197
19,410, kursk sank sinking submarine sea,0,https://www.nytimes.com/2000/10/27/world/none-of-us-can-get-out-kursk-sailor-wrote.html,198
19,410, kursk sank sinking submarine sea,0,https://www.theguardian.com/world/2001/aug/05/kursk.russia,199
20,663, fitness exercises diets fit achieve,0,https://www.healthline.com/health/fitness-exercise-eating-healthy,200
20,663, fitness exercises diets fit achieve,0,https://www.excellenceinfitness.com/blog/nutrition-for-fitness-training-the-facts-you-need-to-know,201
20,663, fitness exercises diets fit achieve,0,https://livefit.com/blogs/livefit/6-easy-steps-to-creating-your-own-fitness-diet-routine,202
20,663, fitness exercises diets fit achieve,0,https://www.nia.nih.gov/health/infographics/diet-and-exercise-choices-today-healthier-tomorrow,203
20,663, fitness exercises diets fit achieve,0,https://www.youtube.com/watch?v=5z7c7NdcH7I,204
20,663, fitness exercises diets fit achieve,0,https://www.verywellfit.com/fitness-pros-eat-this-to-look-tight-and-toned-3121404,205
20,663, fitness exercises diets fit achieve,0,https://www.webmd.com/fitness-exercise/ss/slideshow-best-foods-fitness,206
20,663, fitness exercises diets fit achieve,0,https://www.muscleandfitness.com/muscle-fitness-hers/hers-nutrition/6-diet-rules-follow-if-you-want-get-stronger/,207
20,663, fitness exercises diets fit achieve,0,https://www.t3.com/us/features/get-fit-for-2022,208
20,663, fitness exercises diets fit achieve,0,https://www.nerdfitness.com/blog/get-in-shape/,209
21,820, competitions miss lara indian india,0,https://www.idiva.com/beauty/celebrities/how-lara-hid-her-nervousness-during-the-miss-universe-contest/18011256,210
21,820, competitions miss lara indian india,0,https://www.indiatoday.in/lifestyle/celebrity/story/lara-dutta-created-a-miss-universe-record-that-no-one-has-broken-yet-1337497-2018-09-11,211
21,820, competitions miss lara indian india,0,https://www.ndtv.com/entertainment/lara-dutta-on-why-there-hasnt-been-an-indian-miss-universe-since-her-679372,212
21,820, competitions miss lara indian india,0,https://beautypageants.indiatimes.com/miss-universe/lara-dutta-billion-dreams-were-resting-on-my-shoulder/articleshow/75603460.cms,213
21,820, competitions miss lara indian india,0,https://www.youtube.com/watch?v=Wkio6Aznje4,214
21,820, competitions miss lara indian india,0,https://www.youtube.com/watch?v=_wXMSP0O8gU,215
21,820, competitions miss lara indian india,0,https://instantbollywood.com/2021/04/16/lara-dutta-miss-universe-title/,216
21,820, competitions miss lara indian india,0,https://en.wikipedia.org/wiki/Lara_Dutta,217
21,820, competitions miss lara indian india,0,https://en.wikipedia.org/wiki/Femina_Miss_India,218
21,820, competitions miss lara indian india,0,https://www.pinterest.com/pin/343892121516964272/,219
22,873, lobbying lobbyist merck lobbied pharmaceutical,0,https://www.citizensforethics.org/reports-investigations/crew-reports/a-bitter-pill-how-big-pharma-lobbies-to-keep-prescription-drug-prices-high/,220
22,873, lobbying lobbyist merck lobbied pharmaceutical,0,https://www.opensecrets.org/federal-lobbying/industries/summary?id=H04,221
22,873, lobbying lobbyist merck lobbied pharmaceutical,0,https://www.fiercepharma.com/pharma/peddling-influence-d-c-cost-pharma-industry-a-record-92m-first-quarter,222
22,873, lobbying lobbyist merck lobbied pharmaceutical,0,https://www.accountable.us/news/new-report-big-pharma-spent-nearly-50-million-on-lobbying-in-opening-months-of-2020/,223
22,873, lobbying lobbyist merck lobbied pharmaceutical,0,https://www.ncbi.nlm.nih.gov/pmc/articles/PMC7054854/,224
22,873, lobbying lobbyist merck lobbied pharmaceutical,0,https://www.ncbi.nlm.nih.gov/pmc/articles/PMC7054854/#abstract-3title,225
22,873, lobbying lobbyist merck lobbied pharmaceutical,0,https://www.ncbi.nlm.nih.gov/pmc/articles/PMC7054854/#H1-2-IOI200006title,226
22,873, lobbying lobbyist merck lobbied pharmaceutical,0,https://www.ncbi.nlm.nih.gov/pmc/articles/PMC7054854/#H1-3-IOI200006title,227
22,873, lobbying lobbyist merck lobbied pharmaceutical,0,https://www.ncbi.nlm.nih.gov/pmc/articles/PMC7054854/#H1-4-IOI200006title,228
22,873, lobbying lobbyist merck lobbied pharmaceutical,0,https://drugstorenews.com/pharmacy/merck-spends-nearly-12-million-lobbying-2q,229
23,1000, kenya dishes swahili traditional information,0,https://africageographic.com/wp-content/uploads/2019/12/Untitled-1-5.jpg?sa=X&ved=2ahUKEwjoqvWqro74AhXVIkQIHX_jCGoQ_B16BAgAEAI,230
23,1000, kenya dishes swahili traditional information,0,https://africageographic.com/stories/six-swahili-food-dishes-wont-want-miss/,231
23,1000, kenya dishes swahili traditional information,0,https://matadornetwork.com/read/essential-kenya-dishes-swahili-coast/,232
23,1000, kenya dishes swahili traditional information,0,https://theculturetrip.com/africa/kenya/articles/the-swahili-cuisine-kenya-s-mouthwatering-food/,233
23,1000, kenya dishes swahili traditional information,0,https://marocmama.com/kenyan-traditional-foods-to-try-in-kenya/,234
23,1000, kenya dishes swahili traditional information,0,https://www.kenyasafari.com/food-of-kenya.html,235
23,1000, kenya dishes swahili traditional information,0,http://www.foodbycountry.com/Kazakhstan-to-South-Africa/Kenya.html,236
23,1000, kenya dishes swahili traditional information,0,https://migrationology.com/kenyan-food/,237
23,1000, kenya dishes swahili traditional information,0,https://www.trafalgar.com/real-word/food-kenya/,238
23,1000, kenya dishes swahili traditional information,0,https://www.hoaexp.com/2021/03/18/about-swahili-food/,239
24,660, crisis eurozone europe downturns portugal,0,https://www.brookings.edu/bpea-articles/the-portuguese-slump-and-crash-and-the-euro-crisis/,240
24,660, crisis eurozone europe downturns portugal,0,https://d-nb.info/1129266907/34,241
24,660, crisis eurozone europe downturns portugal,0,https://www.jstor.org/stable/23594865,242
24,660, crisis eurozone europe downturns portugal,0,https://www.athensjournals.gr/mediterranean/2016-2-2-1-Correia.pdf,243
24,660, crisis eurozone europe downturns portugal,0,https://en.wikipedia.org/wiki/European_debt_crisis,244
24,660, crisis eurozone europe downturns portugal,0,https://www.united-europe.eu/2018/07/how-portugal-overcame-the-crisis/,245
24,660, crisis eurozone europe downturns portugal,0,https://www.esm.europa.eu/publications/safeguarding-euro/crisis-spreads-portugal-second-call-aid,246
24,660, crisis eurozone europe downturns portugal,0,https://www.consilium.europa.eu/media/33780/speech-peg-harvard-april-2018.pdf,247
24,660, crisis eurozone europe downturns portugal,0,https://www.ias.edu/sites/default/files/sss/pdfs/Rodrik/Presentations/The-Euro-Crisis-Portugal-and-the-Future-of-Europe.pdf,248
24,660, crisis eurozone europe downturns portugal,0,https://www.investopedia.com/terms/p/piigs.asp,249
25,743, pseudocyesis pregnancy pregnant disorder clinical,0,https://www.webmd.com/baby/false-pregnancy-pseudocyesis,250
25,743, pseudocyesis pregnancy pregnant disorder clinical,0,https://www.ncbi.nlm.nih.gov/pmc/articles/PMC3361851/,251
25,743, pseudocyesis pregnancy pregnant disorder clinical,0,https://www.ncbi.nlm.nih.gov/pmc/articles/PMC3361851/#abstract-1title,252
25,743, pseudocyesis pregnancy pregnant disorder clinical,0,https://www.ncbi.nlm.nih.gov/pmc/articles/PMC3361851/#sec1-1title,253
25,743, pseudocyesis pregnancy pregnant disorder clinical,0,https://www.ncbi.nlm.nih.gov/pmc/articles/PMC3361851/#sec1-2title,254
25,743, pseudocyesis pregnancy pregnant disorder clinical,0,https://www.ncbi.nlm.nih.gov/pmc/articles/PMC3361851/#sec1-3title,255
25,743, pseudocyesis pregnancy pregnant disorder clinical,0,https://www.ncbi.nlm.nih.gov/pmc/articles/PMC5894469/,256
25,743, pseudocyesis pregnancy pregnant disorder clinical,0,https://www.uptodate.com/contents/pseudocyesis,257
25,743, pseudocyesis pregnancy pregnant disorder clinical,0,https://www.cureus.com/articles/40598-a-rare-case-of-pseudocyesis-in-a-patient-with-bipolar-disorder,258
25,743, pseudocyesis pregnancy pregnant disorder clinical,0,https://www.cureus.com/articles/40598-a-rare-case-of-pseudocyesis-in-a-patient-with-bipolar-disorder#abstract,259
26,840, colleges scholarships university college suny,0,https://www.suny.edu/media/suny/content-assets/images/smarttrack/Excelsior-FAQ-400.jpg?sa=X&ved=2ahUKEwju-76uro74AhUzIEQIHTO7B6YQ_B16BAgDEAI,260
26,840, colleges scholarships university college suny,0,https://www.suny.edu/smarttrack/types-of-financial-aid/scholarships/excelsior/,261
26,840, colleges scholarships university college suny,0,https://www.suny.edu/smarttrack/types-of-financial-aid/scholarships/,262
26,840, colleges scholarships university college suny,0,https://www.suny.edu/smarttrack/types-of-financial-aid/scholarships/gabay/,263
26,840, colleges scholarships university college suny,0,https://www.suny.edu/smarttrack/types-of-financial-aid/scholarships/nysafah/,264
26,840, colleges scholarships university college suny,0,https://www.suny.edu/counselor/faqs/parents/,265
26,840, colleges scholarships university college suny,0,https://www.suny.edu/diversity/scholarships-grants/,266
26,840, colleges scholarships university college suny,0,https://www.suny.edu/smarttrack/types-of-financial-aid/,267
26,840, colleges scholarships university college suny,0,https://www.suny.edu/suny-news/press-releases/5-21/5-19-21/excelsiorscholarship.html,268
26,840, colleges scholarships university college suny,0,https://www.cuny.edu/financial-aid/scholarships/,269
27,431, ira 403 retirement employer contribute,0,https://www.irs.gov/retirement-plans/plan-participant-employee/retirement-topics-403b-contribution-limits,270
27,431, ira 403 retirement employer contribute,0,https://www.irs.gov/retirement-plans/retirement-plans-faqs-regarding-403b-tax-sheltered-annuity-plans,271
27,431, ira 403 retirement employer contribute,0,https://www.kiplinger.com/retirement/retirement-plans/603950/403b-contribution-limits-for-2022,272
27,431, ira 403 retirement employer contribute,0,https://www.investopedia.com/ask/answers/101314/what-are-advantages-and-disadvantages-getting-403b-vs-roth-ira.asp,273
27,431, ira 403 retirement employer contribute,0,https://www.bankrate.com/retirement/403b-plan/,274
27,431, ira 403 retirement employer contribute,0,https://www.forbes.com/advisor/retirement/403b-plan/,275
27,431, ira 403 retirement employer contribute,0,https://www.fool.com/retirement/plans/403b/,276
27,431, ira 403 retirement employer contribute,0,https://www.ssb.texas.gov/investors/teachers/save-403b-or-roth-ira-or-both,277
27,431, ira 403 retirement employer contribute,0,https://smartasset.com/retirement/403b-vs-roth-ira,278
27,431, ira 403 retirement employer contribute,0,https://weabenefits.com/resource/retirement-forms-and-brochures/post-employment-403b-contributions/,279
28,1042, article information transplants patients pages,0,https://journals.lww.com/transplantjournal/pages/default.aspx,280
28,1042, article information transplants patients pages,0,https://journals.lww.com/transplantjournal/pages/currenttoc.aspx,281
28,1042, article information transplants patients pages,0,https://onlinelibrary.wiley.com/journal/16006143,282
28,1042, article information transplants patients pages,0,https://onlinelibrary.wiley.com/journal/16006143/covid19,283
28,1042, article information transplants patients pages,0,https://www.ncbi.nlm.nih.gov/pmc/articles/PMC7459921/,284
28,1042, article information transplants patients pages,0,https://www.ncbi.nlm.nih.gov/pmc/articles/PMC7230851/,285
28,1042, article information transplants patients pages,0,https://bmcnephrol.biomedcentral.com/articles/10.1186/s12882-019-1368-0,286
28,1042, article information transplants patients pages,0,https://www.annalsoftransplantation.com/,287
28,1042, article information transplants patients pages,0,https://www.hopkinsmedicine.org/health/treatment-tests-and-therapies/kidney-transplant,288
28,1042, article information transplants patients pages,0,https://www.frontierspartnerships.org/journals/transplant-international/articles,289
29,740, essay tax argument argue government,0,https://ivypanda.com/essays/tax-cuts/,290
29,740, essay tax argument argue government,0,https://aeon.co/essays/if-your-pay-is-not-yours-to-keep-then-neither-is-the-tax,291
29,740, essay tax argument argue government,0,https://www.brookings.edu/wp-content/uploads/2016/06/09_effects_income_tax_changes_economic_growth_gale_samwick.pdf,292
29,740, essay tax argument argue government,0,https://constitution.congress.gov/essay/amdt5_4_6_2_1/,293
29,740, essay tax argument argue government,0,https://www.taxpolicycenter.org/briefing-book/what-do-economists-agree-and-disagree-about-effects-taxes-economic-growth,294
29,740, essay tax argument argue government,0,https://www.jstor.org/stable/2010528,295
29,740, essay tax argument argue government,0,https://www.cato.org/commentary/one-bad-eight-good-reasons-cut-taxes,296
29,740, essay tax argument argue government,0,https://www.imf.org/external/pubs/ft/issues/issues27/,297
29,740, essay tax argument argue government,0,https://www.kaptest.com/study/ap-us-government-and-politics/ap-u-s-government-and-politics-argument-essay/,298
29,740, essay tax argument argue government,0,https://ndpr.nd.edu/reviews/taxation-philosophical-perspectives/,299
30,1042, phd business degree masters education,0,https://www.aacsb.edu/learners/journey/doctorate,300
30,1042, phd business degree masters education,0,https://online.umary.edu/academics/masters-doctoral-programs,301
30,1042, phd business degree masters education,0,https://gradschool.oregonstate.edu/programs/2050/business-administration-phd-mba,302
30,1042, phd business degree masters education,0,https://teach.com/online-ed/education-degrees/online-edd-programs/edd-vs-phd/,303
30,1042, phd business degree masters education,0,https://www.bestcolleges.com/features/doctorate-business-administration-programs/,304
30,1042, phd business degree masters education,0,https://www.gsb.stanford.edu/,305
30,1042, phd business degree masters education,0,https://www.bu.edu/academics/questrom/programs/phd-in-management/,306
30,1042, phd business degree masters education,0,https://www.sru.edu/academics/online-learning/online-doctoral-and-masters-degree-programs,307
30,1042, phd business degree masters education,0,https://business.fiu.edu/graduate/phd/index.cfm,308
30,1042, phd business degree masters education,0,https://business.fau.edu/masters-phd/,309
31,620, destinations travel vacation compare research,0,https://blog.accessdevelopment.com/tourism-and-travel-statistics-the-ultimate-collection,310
31,620, destinations travel vacation compare research,0,https://www.destinationanalysts.com/insights-updates/,311
31,620, destinations travel vacation compare research,0,https://journals.sagepub.com/doi/10.1177/004728750103900410,312
31,620, destinations travel vacation compare research,0,https://scholarworks.bgsu.edu/cgi/viewcontent.cgi?article=1381&context=visions,313
31,620, destinations travel vacation compare research,0,https://thebesttravelplaces.com/great-places/,314
31,620, destinations travel vacation compare research,0,https://www.phocuswright.com/Travel-Research/Research-Updates/2020/destination-and-vacation-decision-make-planning-and-timing,315
31,620, destinations travel vacation compare research,0,https://www.bustle.com/p/the-real-reason-you-choose-your-vacation-destinations-according-to-research-2918655,316
31,620, destinations travel vacation compare research,0,https://travel.usnews.com/,317
31,620, destinations travel vacation compare research,0,https://www2.deloitte.com/us/en/insights/focus/transportation/summer-travel-plans-survey-2021.html,318
31,620, destinations travel vacation compare research,0,https://www.caee.utexas.edu/prof/bhat/ABSTRACTS/Vacation_destination_15March2010.pdf,319
32,670, destinations cities destination travel trip,0,https://www.packupgo.com/destination-cities,320
32,670, destinations cities destination travel trip,0,https://travel.usnews.com/rankings/worlds-best-vacations/,321
32,670, destinations cities destination travel trip,0,https://travel.usnews.com/rankings/best-usa-vacations/,322
32,670, destinations cities destination travel trip,0,https://www.travelandleisure.com/trip-ideas/best-places-to-travel-in-2022,323
32,670, destinations cities destination travel trip,0,https://www.forbes.com/sites/laurabegleybloom/2019/09/04/bucket-list-travel-the-top-50-places-in-the-world/,324
32,670, destinations cities destination travel trip,0,https://www.forbes.com/sites/laurabegleybloom/2022/03/31/the-22-best-places-to-travel-around-the-world-in-2022-where-to-go-next/,325
32,670, destinations cities destination travel trip,0,https://www.globotreks.com/tips/best-places-visit-each-month-year/,326
32,670, destinations cities destination travel trip,0,https://www.meganstarr.com/best-places-to-visit-in-may-in-the-usa/,327
32,670, destinations cities destination travel trip,0,https://www.ourescapeclause.com/best-places-to-visit-in-usa-bucket-list/,328
32,670, destinations cities destination travel trip,0,https://www.tripadvisor.com/TravelersChoice-Destinations-cPopular-g1,329
33,661, swahili recipes dishes traditional ingredients,0,https://cookpad.com/us/search/swahili,330
33,661, swahili recipes dishes traditional ingredients,0,https://africageographic.com/stories/six-swahili-food-dishes-wont-want-miss/,331
33,661, swahili recipes dishes traditional ingredients,0,https://www.pinterest.com/dkarama/swahili-recipes/,332
33,661, swahili recipes dishes traditional ingredients,0,https://swahilifood.com/,333
33,661, swahili recipes dishes traditional ingredients,0,https://swahilifood.com/about-me/,334
33,661, swahili recipes dishes traditional ingredients,0,https://swahilifood.com/category/easy-recipes/,335
33,661, swahili recipes dishes traditional ingredients,0,https://swahilifood.com/category/drinks/,336
33,661, swahili recipes dishes traditional ingredients,0,https://swahilifood.com/category/snacks/,337
33,661, swahili recipes dishes traditional ingredients,0,https://www.kitchencounterchronicle.com/kenya-swahili-pilau/,338
33,661, swahili recipes dishes traditional ingredients,0,https://www.swahilidelicacies.com/category/dish-types/main-dishes/,339
34,230, eurozone crisis causes financial effects,0,https://www.naturalspublishing.com/files/published/3zl7oij137v39s.pdf,340
34,230, eurozone crisis causes financial effects,0,https://www.thebalance.com/eurozone-debt-crisis-causes-cures-and-consequences-3305524,341
34,230, eurozone crisis causes financial effects,0,https://www.thebalance.com/the-eurozone-crisis-causes-and-potential-solutions-1978970,342
34,230, eurozone crisis causes financial effects,0,https://www.investopedia.com/terms/e/european-sovereign-debt-crisis.asp,343
34,230, eurozone crisis causes financial effects,0,https://www.investopedia.com/terms/e/european-sovereign-debt-crisis.asp#toc-debt-crisis-contributing-causes,344
34,230, eurozone crisis causes financial effects,0,https://www.investopedia.com/terms/e/european-sovereign-debt-crisis.asp#toc-greek-example-of-european-crisis,345
34,230, eurozone crisis causes financial effects,0,https://economics.rabobank.com/publications/2015/december/the-eurozone-debt-crisis--causes-and-crisis-response/,346
34,230, eurozone crisis causes financial effects,0,https://en.wikipedia.org/wiki/Causes_of_the_European_debt_crisis,347
34,230, eurozone crisis causes financial effects,0,https://en.wikipedia.org/wiki/European_debt_crisis,348
34,230, eurozone crisis causes financial effects,0,https://corporatefinanceinstitute.com/resources/knowledge/credit/european-sovereign-debt-crisis/,349
35,480, eurozone indicators crisis gdp effects,0,https://www.ecb.europa.eu/pub/economic-bulletin/focus/2021/html/ecb.ebbox202105_03~267ada0d38.en.html,350
35,480, eurozone indicators crisis gdp effects,0,https://ec.europa.eu/eurostat/cache/digpub/european_economy/bloc-1a.html?lang=en,351
35,480, eurozone indicators crisis gdp effects,0,https://www2.deloitte.com/us/en/insights/economy/emea/eurozone-economic-outlook.html,352
35,480, eurozone indicators crisis gdp effects,0,https://voxeu.org/article/eu-economy-after-covid-19-implications-economic-governance,353
35,480, eurozone indicators crisis gdp effects,0,https://www.bloomberg.com/news/articles/2022-04-29/recession-threat-hangs-over-europe-s-fragile-economic-growth,354
35,480, eurozone indicators crisis gdp effects,0,https://link.springer.com/article/10.1007/s40822-020-00159-w,355
35,480, eurozone indicators crisis gdp effects,0,https://www.adb.org/sites/default/files/publication/156008/adbi-wp153.pdf,356
35,480, eurozone indicators crisis gdp effects,0,https://www.adb.org/sites/default/files/publication/156225/adbi-wp370.pdf,357
35,480, eurozone indicators crisis gdp effects,0,https://www.oecd.org/economy/weekly-tracker-of-gdp-growth/,358
35,480, eurozone indicators crisis gdp effects,0,https://www.oecd.org/economy/euro-area-and-european-union-economic-snapshot/,359
36,460, infants milestones developmental korea japan,0,https://www.ncbi.nlm.nih.gov/pmc/articles/PMC5865595/,360
36,460, infants milestones developmental korea japan,0,https://pubmed.ncbi.nlm.nih.gov/35182581/,361
36,460, infants milestones developmental korea japan,0,https://data.unicef.org/topic/early-childhood-development/development-status/,362
36,460, infants milestones developmental korea japan,0,https://citeseerx.ist.psu.edu/viewdoc/download?doi=10.1.1.199.1549&rep=rep1&type=pdf,363
36,460, infants milestones developmental korea japan,0,https://pediatricapta.org/includes/fact-sheets/pdfs/18%20Motor%20Dev%20Variations%20Across%20Cultures%20FS.pdf,364
36,460, infants milestones developmental korea japan,0,https://www.childrensmn.org/educationmaterials/childrensmn/article/15316/developmental-milestones-birth-to-6-months/,365
36,460, infants milestones developmental korea japan,0,https://www.cambscommunityservices.nhs.uk/advice/staying-safe/childhood-development/milestones,366
36,460, infants milestones developmental korea japan,0,http://theeagle.com/lifestyles/health-med-fit/article_5cdb53be-d2db-5290-b050-5d6213bfdfcc.html,367
36,460, infants milestones developmental korea japan,0,https://inourplace.co.uk/developmental-and-emotional-milestones-leaflet/,368
36,460, infants milestones developmental korea japan,0,https://www.advocatesforyouth.org/resources/health-information/parents-15/,369
37,801, roof silicone coating cooling material,0,https://pmsilicone.com/silicone-roof-coatings-reflectivity/,370
37,801, roof silicone coating cooling material,0,https://www.coatingsworld.com/issues/2018-05-01/view_features/silicone-cool-roof-coatings/,371
37,801, roof silicone coating cooling material,0,https://www.homedepot.com/b/Building-Materials-Roofing-Commercial-Roofing-Roof-Coatings/Silicone/N-5yc1vZaqu6Z1z196aa,372
37,801, roof silicone coating cooling material,0,https://www.attainablehome.com/what-is-cool-roof-coating/,373
37,801, roof silicone coating cooling material,0,https://siliconeforbuilding.com/products/roof-coating,374
37,801, roof silicone coating cooling material,0,https://www.coolroofstore.net/crs-silicone/,375
37,801, roof silicone coating cooling material,0,https://modernize.com/homeowner-resources/roofing/what-is-cool-roof-paint-and-should-i-use-it,376
37,801, roof silicone coating cooling material,0,https://modernize.com/homeowner-resources/roofing/what-is-cool-roof-paint-and-should-i-use-it#which-kind-of-cool-roof-coating-is-best,377
37,801, roof silicone coating cooling material,0,https://modernize.com/homeowner-resources/roofing/what-is-cool-roof-paint-and-should-i-use-it#is-your-roof-right-for-cool-roof-coatings,378
37,801, roof silicone coating cooling material,0,https://www.appliedroofingservices.com/blog/silicone-roof-coating-need-to-know/,379
38,484, connecticut firemen academy curriculum graduates,0,https://portal.ct.gov/CFPC/_old/Recruit-Firefighter-Program/Connecticut-Fire-Academy-Recruit-Firefighter-Class--53-to-Graduate,380
38,484, connecticut firemen academy curriculum graduates,0,https://portal.ct.gov/CFPC/_old/CT-Fire-Academy/Training/Recruit-Class-50-to-Graduate,381
38,484, connecticut firemen academy curriculum graduates,0,https://catalog.gatewayct.edu/preview_program.php?catoid=5&poid=507&returnto=140,382
38,484, connecticut firemen academy curriculum graduates,0,https://authoring-stage.ct.egov.com/-/media/CFPC/_old_files/RulesandRegsFall2018Websitepdf.pdf,383
38,484, connecticut firemen academy curriculum graduates,0,https://fairfieldfireschool.com/courses,384
38,484, connecticut firemen academy curriculum graduates,0,https://www.mccd.edu/academics/public-safety/fire-tech.html,385
38,484, connecticut firemen academy curriculum graduates,0,https://www.everyonegoeshome.com/wp-content/uploads/sites/2/2017/06/high-school-academies-wp-2017-FINAL.pdf,386
38,484, connecticut firemen academy curriculum graduates,0,https://www.ct.edu/files/curriculum/Firefighter%201%20&%202%20Certificate%20CT%20State%20CC.docx,387
38,484, connecticut firemen academy curriculum graduates,0,https://www.fsw.edu/academics/programs/certfireacademy,388
38,484, connecticut firemen academy curriculum graduates,0,https://www.usfa.fema.gov/training/nfa/programs/efop.html,389
39,720, bollywood beverly industries oscars city,0,https://www.reuters.com/article/uk-usa-bollywood/indias-bollywood-oscars-in-florida-for-u-s-debut-idUKBREA3O1PF20140425,390
39,720, bollywood beverly industries oscars city,0,https://www.weforum.org/agenda/2020/02/5-facts-to-show-anyone-who-thinks-the-global-film-business-is-all-about-hollywood/,391
39,720, bollywood beverly industries oscars city,0,https://www.hindustantimes.com/entertainment/bollywood/swara-bhasker-pre-oscar-gala-was-all-about-empowering-each-other-101648322857184.html,392
39,720, bollywood beverly industries oscars city,0,https://www.britannica.com/art/Academy-Award,393
39,720, bollywood beverly industries oscars city,0,https://www.ctvnews.ca/entertainment/stars-fans-to-descend-on-tampa-for-bollywood-s-version-of-oscars-1.1787705/comments-7.508301,394
39,720, bollywood beverly industries oscars city,0,https://www.bbc.com/news/business-60834516,395
39,720, bollywood beverly industries oscars city,0,"http://content.time.com/time/magazine/article/0,9171,1203000,00.html",396
39,720, bollywood beverly industries oscars city,0,https://www.asianage.com/opinion/oped/170220/is-indian-cinema-ready-for-own-big-oscar-moment.html,397
39,720, bollywood beverly industries oscars city,0,https://www.altfg.com/film/bollywood-style/,398
39,720, bollywood beverly industries oscars city,0,https://en.wikipedia.org/wiki/79th_Academy_Awards,399
40,590, massacre arthur victims killer port,0,https://en.wikipedia.org/wiki/Port_Arthur_massacre_(Australia),400
40,590, massacre arthur victims killer port,0,https://en.wikipedia.org/wiki/Port_Arthur_massacre_(China),401
40,590, massacre arthur victims killer port,0,https://en.wikipedia.org/wiki/Martin_Bryant,402
40,590, massacre arthur victims killer port,0,https://en.wikipedia.org/wiki/List_of_massacres_in_Australia,403
40,590, massacre arthur victims killer port,0,https://www.history.com/this-day-in-history/port-arthur-massacre-in-australia,404
40,590, massacre arthur victims killer port,0,https://www.britannica.com/event/Port-Arthur-Massacre,405
40,590, massacre arthur victims killer port,0,https://www.washingtonpost.com/archive/politics/1996/04/29/gunman-kills-32-people-in-australia/ad64ad58-cca3-4296-bfb7-a807dc61c902/,406
40,590, massacre arthur victims killer port,0,https://spectrumnews1.com/ky/louisville/news/2022/05/25/mass-shooting-uvalde-dunblane-port-arthur-gun-control,407
40,590, massacre arthur victims killer port,0,https://www.nytimes.com/2022/05/25/world/europe/gun-laws-australia-britain.html,408
40,590, massacre arthur victims killer port,0,https://www.bbc.com/news/world-australia-36136637,409
41,651, evaluation teachers principal students teacher,0,https://www.edutopia.org/article/tips-principals-better-teacher-evaluations,410
41,651, evaluation teachers principal students teacher,0,https://www.mathematica.org/blogs/incorporating-teacher-voices-into-principal-evaluations-could-improve-leadership,411
41,651, evaluation teachers principal students teacher,0,https://ies.ed.gov/ncee/edlabs/regions/midatlantic/app/Blog/Post/22,412
41,651, evaluation teachers principal students teacher,0,https://www.schools.nyc.gov/about-us/vision-and-mission/teacher-and-principal-evaluation,413
41,651, evaluation teachers principal students teacher,0,https://www.nctq.org/pages/State-of-the-States-2019:-Teacher-and-Principal-Evaluation-Policy,414
41,651, evaluation teachers principal students teacher,0,https://aquila.usm.edu/cgi/viewcontent.cgi?article=2891&context=dissertations,415
41,651, evaluation teachers principal students teacher,0,https://www.nassp.org/publication/principal-leadership/volume-16-2015-2016/principal-leadership-march-2016/teacher-evaluations-require-a-mix-of-strategies/,416
41,651, evaluation teachers principal students teacher,0,https://www.nassp.org/publication/principal-leadership/volume-20/principal-leadership-march-2020/teacher-evaluations-march-2020/,417
41,651, evaluation teachers principal students teacher,0,https://www.k12.wa.us/educator-support/teacherprincipal-evaluation-program,418
41,651, evaluation teachers principal students teacher,0,https://marylandpublicschools.org/about/Pages/OTPE/EvaluationRatingsAnalysisReports.aspx,419
42,961, interview chase applying computational microsoft,0,https://www.geekwire.com/2019/interview-jpmorgan-chase-ceo-jamie-dimon-ai-cloud-banks-big-bet-seattle-tech/,420
42,961, interview chase applying computational microsoft,0,https://www.quora.com/How-long-before-re-applying-to-companies-like-Google-and-Microsoft,421
42,961, interview chase applying computational microsoft,0,https://www.quora.com/What-are-my-chances-of-landing-the-job-An-internal-recruiter-reached-out-to-me-about-a-position-at-JPMorgan-chases-Chicago-office-but-the-position-is-not-advertised-so-I-cant-check-the-application-status-I-have,422
42,961, interview chase applying computational microsoft,0,https://www.quora.com/Why-would-an-engineer-want-to-work-at-Microsoft-instead-of-Facebook-and-Google,423
42,961, interview chase applying computational microsoft,0,https://www.quora.com/How-am-I-getting-offers-for-software-development-at-Google-Yahoo-and-Microsoft-but-getting-rejected-from-the-tech-division-of-banks-like-UBS-JP-Morgan-etc,424
42,961, interview chase applying computational microsoft,0,https://www.geeksforgeeks.org/jp-morgan-chase-co-jpmc-interview-experience-full-time-software-engineer/,425
42,961, interview chase applying computational microsoft,0,https://www.geeksforgeeks.org/microsoft-interview-experience-set-154-1-5-years-experienced/,426
42,961, interview chase applying computational microsoft,0,https://careers.jpmorgan.com/us/en/how-we-hire/faqs,427
42,961, interview chase applying computational microsoft,0,https://www.wikijob.co.uk/interview-advice/company-interview-questions/jp-morgan,428
42,961, interview chase applying computational microsoft,0,https://careers.microsoft.com/us/en/ClearedCareers,429
43,1075, philadelphia trip miles train accessible,0,https://www.visitphilly.com/getting-around/,430
43,1075, philadelphia trip miles train accessible,0,https://www.visitphilly.com/getting-here/,431
43,1075, philadelphia trip miles train accessible,0,https://wheelchairtravel.org/philadelphia/public-transportation/,432
43,1075, philadelphia trip miles train accessible,0,https://www.lonelyplanet.com/articles/getting-around-philadelphia,433
43,1075, philadelphia trip miles train accessible,0,https://www.amtrak.com/skip-the-flight-or-bus-to-philadelphia-travel-by-train,434
43,1075, philadelphia trip miles train accessible,0,https://www.septa.org/welcome/welcome.html,435
43,1075, philadelphia trip miles train accessible,0,https://www.septa.org/service/cct/faq.html,436
43,1075, philadelphia trip miles train accessible,0,https://www.discoverphl.com/blog/planning-safe-travel-to-philadelphia/,437
43,1075, philadelphia trip miles train accessible,0,https://www.phila.gov/media/20210222110702/OTIS-Philadelphia-Transit-Plan.pdf,438
43,1075, philadelphia trip miles train accessible,0,https://www.wanderu.com/en-us/train-tickets/us-pa/philadelphia/,439
44,891, pocono pennsylvania mountains winter vacation,0,https://www.poconomountains.com/plan-your-vacation/seasons/winter/,440
44,891, pocono pennsylvania mountains winter vacation,0,https://www.poconomountains.com/blog/post/must-do-winter-adventures-in-the-poconos-other-than-downhill-skiing/,441
44,891, pocono pennsylvania mountains winter vacation,0,https://thefrenchmanor.com/blog/things-to-do-in-the-poconos-in-winter/,442
44,891, pocono pennsylvania mountains winter vacation,0,https://mainlinetoday.com/travel/8-cozy-pocono-area-getaways-perfect-for-a-winter-escape/,443
44,891, pocono pennsylvania mountains winter vacation,0,https://traveltips.usatoday.com/pocono-winter-vacation-39132.html,444
44,891, pocono pennsylvania mountains winter vacation,0,https://traveltips.usatoday.com/winter-resorts-poconos-18123.html,445
44,891, pocono pennsylvania mountains winter vacation,0,https://selectregistry.com/blog/best-places-to-stay-in-the-poconos/,446
44,891, pocono pennsylvania mountains winter vacation,0,https://www.timesunion.com/travel/article/Poconos-winter-vacation-16953072.php,447
44,891, pocono pennsylvania mountains winter vacation,0,https://thesettlersinn.com/blog/pocono-winter-getaways,448
44,891, pocono pennsylvania mountains winter vacation,0,https://www.discovernepa.com/articles-and-stories/pocono-resorts/,449
45,740, internet phone service web determine,0,https://www.allconnect.com/blog/what-is-internet-phone-service,450
45,740, internet phone service web determine,0,https://wpforms.com/best-business-voip-and-internet-phone-systems/,451
45,740, internet phone service web determine,0,https://www.fcc.gov/general/voice-over-internet-protocol-voip,452
45,740, internet phone service web determine,0,https://www.nextiva.com/blog/what-is-voip.html,453
45,740, internet phone service web determine,0,https://www.ringcentral.com/internet-phone-service.html,454
45,740, internet phone service web determine,0,https://www.pcmag.com/picks/the-best-business-voip-providers,455
45,740, internet phone service web determine,0,https://www.pcmag.com/picks/finally-ditch-that-landline-the-best-voip-home-phone-services,456
45,740, internet phone service web determine,0,https://www.businessnewsdaily.com/15323-voip-vs-landline.html,457
45,740, internet phone service web determine,0,https://www.ooma.com/,458
45,740, internet phone service web determine,0,https://www.magicjack.com/,459
46,940, pocono mountains articles resorts summary,0,https://travel.usnews.com/gallery/top-poconos-resorts-to-visit,460
46,940, pocono mountains articles resorts summary,0,https://traveladdicts.net/abandoned-resorts-poconos/,461
46,940, pocono mountains articles resorts summary,0,https://www.britannica.com/place/Pocono-Mountains,462
46,940, pocono mountains articles resorts summary,0,https://wikitravel.org/en/Poconos_and_Endless_Mountains,463
46,940, pocono mountains articles resorts summary,0,https://www.planetware.com/pennsylvania/top-rated-resorts-in-the-poconos-us-pa-181.htm,464
46,940, pocono mountains articles resorts summary,0,https://www.discovernepa.com/articles-and-stories/pocono-resorts/,465
46,940, pocono mountains articles resorts summary,0,https://en.wikipedia.org/wiki/Pocono_Mountains,466
46,940, pocono mountains articles resorts summary,0,https://www.poconomountains.com/articles/post/fresh-new-look-to-pocono-mountains-pa-official-tourism-website/,467
46,940, pocono mountains articles resorts summary,0,https://www.poconomountains.com/,468
46,940, pocono mountains articles resorts summary,0,https://www.monroehistorical.org/articles_files/070106_pocmtnhouse.html,469
47,510, roof reduce sun temperature conditioning,0,https://www.energy.gov/energysaver/cool-roofs,470
47,510, roof reduce sun temperature conditioning,0,https://home.howstuffworks.com/home-improvement/construction/green/10-ways-cool-roof.htm,471
47,510, roof reduce sun temperature conditioning,0,https://heatisland.lbl.gov/coolscience/cool-roofs,472
47,510, roof reduce sun temperature conditioning,0,https://www.houzz.in/magazine/how-to-beat-the-summer-heat-by-keeping-the-roof-cool-stsetivw-vs~120620519,473
47,510, roof reduce sun temperature conditioning,0,https://www.coolrooftoolkit.org/wp-content/pdfs/CoolRoofToolkit_Full.pdf,474
47,510, roof reduce sun temperature conditioning,0,https://www.epa.gov/heatislands/using-green-roofs-reduce-heat-islands,475
47,510, roof reduce sun temperature conditioning,0,https://psci.princeton.edu/tips/2021/3/7/cool-roofs-reversing-the-urban-heat-island-effect-without-turning-on-the-ac,476
47,510, roof reduce sun temperature conditioning,0,https://www.goodnewsnetwork.org/cooling-paper-reflects-sun-and-sucks-heat-from-inside/,477
47,510, roof reduce sun temperature conditioning,0,https://www.sciencedirect.com/science/article/pii/S2666123321000209#!,478
47,510, roof reduce sun temperature conditioning,0,https://www.sciencedirect.com/science/article/pii/S037877881733743X,479
48,520, evaluations evaluate promoted manager employee,0,https://smallbusiness.chron.com/evaluate-employee-promotion-21936.html,480
48,520, evaluations evaluate promoted manager employee,0,https://enveritasgroup.com/campfire/evaluating-employees-promotion/,481
48,520, evaluations evaluate promoted manager employee,0,https://www.indeed.com/career-advice/career-development/how-to-write-an-employee-evaluation,482
48,520, evaluations evaluate promoted manager employee,0,https://www.forbes.com/sites/ashiraprossack1/2018/06/29/how-managers-choose-the-employees-they-promote/,483
48,520, evaluations evaluate promoted manager employee,0,https://www.freshbooks.com/hub/leadership/evaluate-an-employee,484
48,520, evaluations evaluate promoted manager employee,0,https://courses.lumenlearning.com/boundless-business/chapter/performance-promotion-and-firing/,485
48,520, evaluations evaluate promoted manager employee,0,https://www.aafp.org/fpm/2003/0300/p43.html,486
48,520, evaluations evaluate promoted manager employee,0,https://startup.info/how-to-evaluate-an-employee-for-a-promotion/,487
48,520, evaluations evaluate promoted manager employee,0,https://www.inc.com/jeff-haden/9-signs-an-employee-deserves-a-promotion-which-nev.html,488
48,520, evaluations evaluate promoted manager employee,0,https://hr.unl.edu/er/performance-management/,489
49,809, minority target employees policy women,0,https://corporate.target.com/sustainability-ESG/diversity-equity-inclusion/team-members-guests/women,490
49,809, minority target employees policy women,0,https://corporate.target.com/press/releases/2020/09/Target-Releases-Workforce-Diversity-Report-Plans-t,491
49,809, minority target employees policy women,0,https://corporate.target.com/sustainability-esg/diversity-equity-inclusion,492
49,809, minority target employees policy women,0,https://corporate.target.com/sustainability-ESG/diversity-equity-inclusion/workforce-diversity,493
49,809, minority target employees policy women,0,https://feminist.org/news/target-forced-to-pay-2-8-million-to-women-and-minority-applicants/,494
49,809, minority target employees policy women,0,https://www.fdic.gov/about/diversity/program-guidance.html,495
49,809, minority target employees policy women,0,https://www.bloomberg.com/news/articles/2021-07-28/target-s-pledge-to-boost-its-black-workforce-fell-short-in-2020,496
49,809, minority target employees policy women,0,https://hbr.org/2018/03/for-women-and-minorities-to-get-ahead-managers-must-assign-work-fairly,497
49,809, minority target employees policy women,0,https://www.cnbc.com/2020/09/10/target-pledges-to-increase-number-of-black-employees-by-20percent.html,498
49,809, minority target employees policy women,0,https://fieldworkfuture.ucsc.edu/assets/files/Workplace-harassment-Doublejeopardyforminoritywomen.pdf,499
50,800, uk countries security health safety,0,https://www.trade.gov/country-commercial-guides/united-kingdom-safety-and-security,500
50,800, uk countries security health safety,0,https://www.gov.uk/government/organisations/uk-health-security-agency,501
50,800, uk countries security health safety,0,https://www.gov.uk/government/publications/safety-and-security-requirements-on-imports-and-exports/safety-and-security-requirements-on-imports-and-exports,502
50,800, uk countries security health safety,0,https://www.gov.uk/government/publications/safety-and-security-requirements-on-imports-and-exports/safety-and-security-requirements-on-imports-and-exports#background-and-legislation,503
50,800, uk countries security health safety,0,https://www.gov.uk/government/publications/safety-and-security-requirements-on-imports-and-exports/safety-and-security-requirements-on-imports-and-exports#imports-into-great-britain-and-northern-ireland,504
50,800, uk countries security health safety,0,https://assets.publishing.service.gov.uk/government/uploads/system/uploads/attachment_data/file/228539/7291.pdf,505
50,800, uk countries security health safety,0,https://assets.publishing.service.gov.uk/government/uploads/system/uploads/attachment_data/file/456984/IndependentReport_GHS_acc.pdf,506
50,800, uk countries security health safety,0,https://www.mi5.gov.uk/resources-and-links,507
50,800, uk countries security health safety,0,https://www.mi5.gov.uk/what-we-do,508
50,800, uk countries security health safety,0,https://www.bp.com/en/global/corporate/careers/professionals/career-areas/hsse.html,509
51,620, submarines kursk submarine sinking sink,0,https://en.wikipedia.org/wiki/Kursk_submarine_disaster,510
51,620, submarines kursk submarine sinking sink,0,https://www.history.com/this-day-in-history/russian-sub-sinks-with-118-onboard,511
51,620, submarines kursk submarine sinking sink,0,https://www.popularmechanics.com/military/navy-ships/a23494010/kursk-submarine-disaster/,512
51,620, submarines kursk submarine sinking sink,0,https://www.navytimes.com/flashpoints/2021/11/22/russian-admiral-kursk-disaster-caused-by-nato-sub/,513
51,620, submarines kursk submarine sinking sink,0,https://www.britannica.com/event/Kursk-submarine-disaster,514
51,620, submarines kursk submarine sinking sink,0,https://theintercept.com/2019/05/29/russia-submarine-kursk-norway-nsa/,515
51,620, submarines kursk submarine sinking sink,0,https://nationalinterest.org/blog/reboot/kursk-sinking-was-deadliest-submarine-disaster-russian-history-198268,516
51,620, submarines kursk submarine sinking sink,0,https://sofrep.com/news/retired-russian-admiral-blames-the-sinking-of-the-kursk-submarine-on-nato/,517
51,620, submarines kursk submarine sinking sink,0,https://www.nytimes.com/2000/10/27/world/none-of-us-can-get-out-kursk-sailor-wrote.html,518
51,620, submarines kursk submarine sinking sink,0,https://www.theguardian.com/world/2001/aug/05/kursk.russia,519
52,469, connecticut training academy career interests,0,https://www1.ctdol.state.ct.us/lmi/pubs/Connecticut%20Career%20Paths%202021.pdf,520
52,469, connecticut training academy career interests,0,http://www1.ctdol.state.ct.us/LMI/pubs/ConnecticutCareerPaths.pdf,521
52,469, connecticut training academy career interests,0,https://portal.ct.gov/DESPP/Division-of-State-Police/Recruitment-and-Selections/Recruitment-and-Selection-Unit,522
52,469, connecticut training academy career interests,0,https://portal.ct.gov/DCF/Academy/Home,523
52,469, connecticut training academy career interests,0,https://www.211ct.org/assessments/4,524
52,469, connecticut training academy career interests,0,https://www.nwcc.edu/,525
52,469, connecticut training academy career interests,0,https://www.trainingdirectusa.com/,526
52,469, connecticut training academy career interests,0,https://www.jobapscloud.com/CT/sup/bulpreview.asp?R1=200108&R2=1992SH&R3=001,527
52,469, connecticut training academy career interests,0,https://career.uconn.edu/,528
52,469, connecticut training academy career interests,0,https://www.ct.edu/,529
53,922, derby racing churchill schedule breeders,0,https://www.churchilldowns.com/calendar/featured-events,530
53,922, derby racing churchill schedule breeders,0,https://www.churchilldowns.com/,531
53,922, derby racing churchill schedule breeders,0,https://www.kentuckyderby.com/racing/breeders-cup,532
53,922, derby racing churchill schedule breeders,0,https://www.kentuckyderby.com/horses/prep-races,533
53,922, derby racing churchill schedule breeders,0,https://kyhbpa.org/2020/10/churchill-to-allow-fans-in-reserved-seating-during-fall-meet/,534
53,922, derby racing churchill schedule breeders,0,https://www.twinspires.com/race-tracks/churchill-downs,535
53,922, derby racing churchill schedule breeders,0,https://www.courier-journal.com/story/sports/horses/kentucky-derby/2022/05/07/churchill-downs-race-results-2022-kentucky-derby-undercard-races/6552229001/,536
53,922, derby racing churchill schedule breeders,0,https://www.courier-journal.com/story/sports/horses/kentucky-derby/2022/05/07/jackies-warrior-wins-churchill-downs-stakes-2022-kentucky-derby/9622604002/,537
53,922, derby racing churchill schedule breeders,0,https://www.bloodhorse.com/horse-racing/articles/258668/rich-strike-stuns-with-80-1-kentucky-derby-upset,538
53,922, derby racing churchill schedule breeders,0,https://www.bloodhorse.com/horse-racing/articles/258679/churchill-reports-record-kentucky-derby-day-wagering,539
54,680, airport dulles cities taxi city,0,https://www.flydulles.com/parking-transportation/washington-flyer-taxi-service,540
54,680, airport dulles cities taxi city,0,http://www.dullesustaxi.com/,541
54,680, airport dulles cities taxi city,0,https://www.uber.com/global/en/airports/iad/,542
54,680, airport dulles cities taxi city,0,https://freetoursbyfoot.com/transportation-washington-d-c-dulles-airport/,543
54,680, airport dulles cities taxi city,0,https://www.holidaytaxis.com/en/transfers/usa/washington-dc-dulles-international-airport/,544
54,680, airport dulles cities taxi city,0,https://travel.usnews.com/Washington_DC/Getting_Around/,545
54,680, airport dulles cities taxi city,0,https://www.supershuttle.com/locations/washington-dca-iad/,546
54,680, airport dulles cities taxi city,0,https://www.lyft.com/rider/airports/iad,547
54,680, airport dulles cities taxi city,0,https://www.annapoliscitytaxi.com/service-area/taxi-service-washington-dulles-international-airport/,548
54,680, airport dulles cities taxi city,0,https://www.washingtonpost.com/archive/local/1996/10/09/dulles-taxi-service-battles-pr-william-over-pickups/b7d4c1a1-5233-4d84-b2af-906f54952dd8/,549
55,520, dehumidifier dehumidifiers specifications expensive price,0,https://www.bestbuy.com/site/shop/dehumidifier-cost,550
55,520, dehumidifier dehumidifiers specifications expensive price,0,https://www.amazon.com/dehumidifiers/b?ie=UTF8&node=267557011,551
55,520, dehumidifier dehumidifiers specifications expensive price,0,https://www.amazon.com/dehumidifier-Dehumidifiers-Heating-Cooling-Air-Quality/s?k=dehumidifier&rh=n%3A267557011%2Cp_n_feature_nine_browse-bin%3A17910923011,552
55,520, dehumidifier dehumidifiers specifications expensive price,0,https://www.nytimes.com/wirecutter/reviews/best-dehumidifier/,553
55,520, dehumidifier dehumidifiers specifications expensive price,0,https://ecocostsavings.com/cost-to-run-dehumidifier/,554
55,520, dehumidifier dehumidifiers specifications expensive price,0,https://learnmetrics.com/best-commerical-dehumidifiers/,555
55,520, dehumidifier dehumidifiers specifications expensive price,0,https://www.homeadvisor.com/cost/heating-and-cooling/dehumidifier/,556
55,520, dehumidifier dehumidifiers specifications expensive price,0,https://homeguide.com/costs/whole-house-dehumidifier-cost,557
55,520, dehumidifier dehumidifiers specifications expensive price,0,https://www.dehumidifierbuyersguide.com/,558
55,520, dehumidifier dehumidifiers specifications expensive price,0,https://www.homedepot.com/b/Heating-Venting-Cooling-Dehumidifiers/N-5yc1vZc4l8,559
56,320, dehumidifier buy value money makes,0,https://www.nytimes.com/wirecutter/reviews/best-dehumidifier/,560
56,320, dehumidifier buy value money makes,0,https://www.goodhousekeeping.com/appliances/g27192069/best-dehumidifier/,561
56,320, dehumidifier buy value money makes,0,https://www.consumerreports.org/cro/dehumidifiers/buying-guide/index.htm,562
56,320, dehumidifier buy value money makes,0,https://money.com/best-dehumidifier/,563
56,320, dehumidifier buy value money makes,0,https://www.tomsguide.com/best-picks/best-dehumidifiers,564
56,320, dehumidifier buy value money makes,0,https://www.nbcnews.com/select/shopping/best-affordable-dehumidifiers-ncna1268812,565
56,320, dehumidifier buy value money makes,0,https://www.nbcnews.com/select/shopping/best-dehumidifiers-ncna1233988,566
56,320, dehumidifier buy value money makes,0,https://www.beaufortairconditioning.com/blog/dehumidifier/,567
56,320, dehumidifier buy value money makes,0,https://nymag.com/strategist/article/best-dehumidifier-reviews.html,568
56,320, dehumidifier buy value money makes,0,https://www.amazon.com/Best-Sellers-Dehumidifiers/zgbs/home-garden/267557011,569
57,620, charities donate africa malaria aids,0,https://www.givewell.org/charities/amf,570
57,620, charities donate africa malaria aids,0,https://www.givewell.org/charities/amf#Summary,571
57,620, charities donate africa malaria aids,0,https://www.givewell.org/charities/amf#What_do_they_do,572
57,620, charities donate africa malaria aids,0,https://www.givewell.org/charities/amf#Does_it_work,573
57,620, charities donate africa malaria aids,0,https://www.givewell.org/charities/amf#What_do_you_get_for_your_dollar,574
57,620, charities donate africa malaria aids,0,https://www.theglobalfund.org/,575
57,620, charities donate africa malaria aids,0,https://www.thelifeyoucansave.org/best-charities/against-malaria-foundation/,576
57,620, charities donate africa malaria aids,0,https://www.thelifeyoucansave.org/causes-to-support/malaria-charities/,577
57,620, charities donate africa malaria aids,0,https://www.canadahelps.org/en/charities/CHAMA/,578
57,620, charities donate africa malaria aids,0,https://www.againstmalaria.com/,579
58,650, weddings wedding ceremonies traditions cultures,0,https://i.insider.com/5ad640d88fc71e2f008b4586?width=1136&format=jpeg&sa=X&ved=2ahUKEwjPnYbZro74AhX4C0QIHduTCHcQ_B16BAgGEAI,580
58,650, weddings wedding ceremonies traditions cultures,0,https://www.insider.com/wedding-traditions-around-the-world-2018-4,581
58,650, weddings wedding ceremonies traditions cultures,0,https://www.brides.com/gallery/wedding-traditions-around-the-world,582
58,650, weddings wedding ceremonies traditions cultures,0,https://www.beau-coup.com/cultural-traditions-weddings.htm,583
58,650, weddings wedding ceremonies traditions cultures,0,https://bridalmusings.com/171746/cultural-wedding-traditions-you-might-not-have-seen-before/,584
58,650, weddings wedding ceremonies traditions cultures,0,https://eventforte.com/18-wedding-traditions-by-culture.html,585
58,650, weddings wedding ceremonies traditions cultures,0,https://www.venuereport.com/roundups/13-beautiful-wedding-traditions-from-around-the-world/,586
58,650, weddings wedding ceremonies traditions cultures,0,https://www.littlechapel.com/marriage-customs-from-around-the-world.html,587
58,650, weddings wedding ceremonies traditions cultures,0,https://www.theknot.com/content/favorite-wedding-traditions-from-around-the-world,588
58,650, weddings wedding ceremonies traditions cultures,0,https://www.tlc.com/weddings/unique-wedding-traditions-from-30-different-countries,589
59,851, smoking quitting hypnosis quit benefits,0,https://www.quitgenius.com/blog/hypnosis-for-quitting-smoking,590
59,851, smoking quitting hypnosis quit benefits,0,https://www.webmd.com/smoking-cessation/hypnosis-for-quitting-smoking,591
59,851, smoking quitting hypnosis quit benefits,0,https://www.healthline.com/health/hypnosis-to-quit-smoking,592
59,851, smoking quitting hypnosis quit benefits,0,https://www.healthline.com/health/hypnosis-to-quit-smoking#benefits,593
59,851, smoking quitting hypnosis quit benefits,0,https://www.healthline.com/health/hypnosis-to-quit-smoking#what-it-looks-like,594
59,851, smoking quitting hypnosis quit benefits,0,https://www.healthline.com/health/hypnosis-to-quit-smoking#other-ways-to-quit-smoking,595
59,851, smoking quitting hypnosis quit benefits,0,https://www.healthline.com/health/hypnosis-to-quit-smoking#summary,596
59,851, smoking quitting hypnosis quit benefits,0,https://www.ncbi.nlm.nih.gov/pmc/articles/PMC6568235/,597
59,851, smoking quitting hypnosis quit benefits,0,https://www.ncbi.nlm.nih.gov/pmc/articles/PMC6568235/#abstract-1title,598
59,851, smoking quitting hypnosis quit benefits,0,https://www.ncbi.nlm.nih.gov/pmc/articles/PMC6568235/#CD001008-sec-0043title,599
