session_id	topic_id	query	query_id	doc_url	id
0	1	kenya swahili cooking dishes cook	0	https://www.pinterest.com/slutomia/swahili-food/	0
0	1	kenya swahili cooking dishes cook	0	https://www.pinterest.com/dkarama/swahili-recipes/	1
0	1	kenya swahili cooking dishes cook	0	https://cookpad.com/us/search/swahili	2
0	1	kenya swahili cooking dishes cook	0	https://theculturetrip.com/africa/kenya/articles/the-swahili-cuisine-kenya-s-mouthwatering-food/	3
0	1	kenya swahili cooking dishes cook	0	https://www.tuko.co.ke/271894-best-kenyan-swahili-dishes-recipes.html	4
0	1	kenya swahili cooking dishes cook	0	https://africageographic.com/stories/six-swahili-food-dishes-wont-want-miss/	5
0	1	kenya swahili cooking dishes cook	0	https://www.kitchencounterchronicle.com/kenya-swahili-pilau/	6
0	1	kenya swahili cooking dishes cook	0	https://matadornetwork.com/read/essential-kenya-dishes-swahili-coast/	7
0	1	kenya swahili cooking dishes cook	0	https://mayuris-jikoni.com/tag/swahili-cuisine/	8
0	1	kenya swahili cooking dishes cook	0	https://www.styleforwanderlust.com/the-style-for-wanderlust-blog/2019/6/10/swahili-food-essentials	9
1	2	airport dulles cities taxi city	0	https://www.flydulles.com/parking-transportation/washington-flyer-taxi-service	10
1	2	airport dulles cities taxi city	0	https://www.flydulles.com/directions-maps-0	11
1	2	airport dulles cities taxi city	0	https://m.yelp.com/search?find_desc=Taxi+To+Dulles+Airport&find_loc=Washington%2C+DC%2C+DC	12
1	2	airport dulles cities taxi city	0	https://www.uber.com/global/en/airports/iad/	13
1	2	airport dulles cities taxi city	0	https://freetoursbyfoot.com/transportation-washington-d-c-dulles-airport/	14
1	2	airport dulles cities taxi city	0	https://www.holidaytaxis.com/en/transfers/usa/washington-dc-dulles-international-airport/	15
1	2	airport dulles cities taxi city	0	https://lokafy.com/blog/arriving-washington-dc-how-get-airport-city-center/	16
1	2	airport dulles cities taxi city	0	https://tiketi.com/air-taxi-from-washington-dc-to-dulles-airport/	17
1	2	airport dulles cities taxi city	0	https://www.rome2rio.com/s/Washington-Dulles-Airport-IAD/Crystal-City	18
1	2	airport dulles cities taxi city	0	https://www.timeout.com/washington-dc/travel/traveling-to-and-from-washington-dc	19
2	3	phd business degree masters education	0	https://management.ntu.edu.tw/en/BA/page/index/menu_sn/543	20
2	3	phd business degree masters education	0	https://www.phdstudies.com/PhD/Business-Studies/	21
2	3	phd business degree masters education	0	https://www.phdstudies.com/PhD/Business-Administration/	22
2	3	phd business degree masters education	0	https://www.onlinestudies.com/PhD/Business-Studies/	23
2	3	phd business degree masters education	0	https://www.aacsb.edu/learners/journey/doctorate	24
2	3	phd business degree masters education	0	https://gradschool.oregonstate.edu/programs/2050/business-administration-phd-mba	25
2	3	phd business degree masters education	0	https://eller.arizona.edu/programs/doctoral	26
2	3	phd business degree masters education	0	https://bestaccreditedcolleges.org/articles/mba-vs-phd-in-business.html	27
2	3	phd business degree masters education	0	https://www.bu.edu/academics/questrom/programs/phd-in-management/	28
2	3	phd business degree masters education	0	https://en.ntnu.edu.tw/p-Education.php	29
3	4	smoking quitting hypnosis quit benefits	0	https://www.quitgenius.com/blog/hypnosis-for-quitting-smoking	30
3	4	smoking quitting hypnosis quit benefits	0	https://www.webmd.com/smoking-cessation/hypnosis-for-quitting-smoking	31
3	4	smoking quitting hypnosis quit benefits	0	https://www.healthline.com/health/hypnosis-to-quit-smoking	32
3	4	smoking quitting hypnosis quit benefits	0	https://www.healthline.com/health/hypnosis-to-quit-smoking#benefits	33
3	4	smoking quitting hypnosis quit benefits	0	https://www.healthline.com/health/hypnosis-to-quit-smoking#what-it-looks-like	34
3	4	smoking quitting hypnosis quit benefits	0	https://www.healthline.com/health/hypnosis-to-quit-smoking#other-ways-to-quit-smoking	35
3	4	smoking quitting hypnosis quit benefits	0	https://www.healthline.com/health/hypnosis-to-quit-smoking#summary	36
3	4	smoking quitting hypnosis quit benefits	0	https://www.mindsethealth.com/matter/stop-smoking-hypnosis	37
3	4	smoking quitting hypnosis quit benefits	0	https://www.mindsethealth.com/matter/stop-smoking-hypnosis#toc-benefits-of-quitting-smoking	38
3	4	smoking quitting hypnosis quit benefits	0	https://www.mindsethealth.com/matter/stop-smoking-hypnosis#toc-using-hypnosis-to-stop-smoking	39
4	5	article information transplants patients pages	0	https://journals.lww.com/transplantjournal/pages/default.aspx	40
4	5	article information transplants patients pages	0	https://journals.lww.com/transplantjournal/pages/currenttoc.aspx	41
4	5	article information transplants patients pages	0	https://onlinelibrary.wiley.com/journal/16006143	42
4	5	article information transplants patients pages	0	https://www.ncbi.nlm.nih.gov/pmc/articles/PMC7459921/	43
4	5	article information transplants patients pages	0	https://www.ncbi.nlm.nih.gov/pmc/articles/PMC4311340/	44
4	5	article information transplants patients pages	0	https://www.nejm.org/medical-research/kidney-transplantation	45
4	5	article information transplants patients pages	0	https://bmcnephrol.biomedcentral.com/articles/10.1186/s12882-019-1368-0	46
4	5	article information transplants patients pages	0	https://www.hopkinsmedicine.org/health/treatment-tests-and-therapies/kidney-transplant	47
4	5	article information transplants patients pages	0	https://www.sciencedirect.com/journal/transplant-immunology	48
4	5	article information transplants patients pages	0	https://academic.oup.com/ndt	49
5	6	kenya dishes swahili traditional information	0	https://matadornetwork.com/read/essential-kenya-dishes-swahili-coast/	50
5	6	kenya dishes swahili traditional information	0	https://theculturetrip.com/africa/kenya/articles/the-swahili-cuisine-kenya-s-mouthwatering-food/	51
5	6	kenya dishes swahili traditional information	0	https://africageographic.com/stories/six-swahili-food-dishes-wont-want-miss/	52
5	6	kenya dishes swahili traditional information	0	https://www.kenyasafari.com/food-of-kenya.html	53
5	6	kenya dishes swahili traditional information	0	https://marocmama.com/kenyan-traditional-foods-to-try-in-kenya/	54
5	6	kenya dishes swahili traditional information	0	https://www.hoaexp.com/2021/03/18/about-swahili-food/	55
5	6	kenya dishes swahili traditional information	0	https://ling-app.com/sw/swahili-food/	56
5	6	kenya dishes swahili traditional information	0	https://www.willflyforfood.net/food-in-kenya/	57
5	6	kenya dishes swahili traditional information	0	https://www.trafalgar.com/real-word/food-kenya/	58
5	6	kenya dishes swahili traditional information	0	https://www.pinterest.com/slutomia/swahili-food/	59
6	7	kursk sank sinking submarine sea	0	https://en.wikipedia.org/wiki/Kursk_submarine_disaster	60
6	7	kursk sank sinking submarine sea	0	https://www.popularmechanics.com/military/navy-ships/a23494010/kursk-submarine-disaster/	61
6	7	kursk sank sinking submarine sea	0	https://www.britannica.com/event/Kursk-submarine-disaster	62
6	7	kursk sank sinking submarine sea	0	https://www.history.com/this-day-in-history/russian-sub-sinks-with-118-onboard	63
6	7	kursk sank sinking submarine sea	0	https://theintercept.com/2019/05/29/russia-submarine-kursk-norway-nsa/	64
6	7	kursk sank sinking submarine sea	0	https://news.yahoo.com/before-the-moskva-there-was-the-kursk-the-sunken-submarine-that-helped-putin-consolidate-power-over-russia-090003974.html	65
6	7	kursk sank sinking submarine sea	0	https://www.thetimes.co.uk/article/kursk-admiral-blames-nato-for-russian-submarine-disaster-0pg33hf58	66
6	7	kursk sank sinking submarine sea	0	https://www.rferl.org/a/kursk-disaster-putin-turning-point-russia/27184505.html	67
6	7	kursk sank sinking submarine sea	0	https://www.rferl.org/a/the-kursk-catastrophe-a-lesson-for-putin-is-fading-from-russian-attention-20-years-later/30778500.html	68
6	7	kursk sank sinking submarine sea	0	https://www.theguardian.com/world/2001/aug/05/kursk.russia	69
7	8	submarines kursk submarine sinking sink	0	https://en.wikipedia.org/wiki/Kursk_submarine_disaster	70
7	8	submarines kursk submarine sinking sink	0	https://www.history.com/this-day-in-history/russian-sub-sinks-with-118-onboard	71
7	8	submarines kursk submarine sinking sink	0	https://www.popularmechanics.com/military/navy-ships/a23494010/kursk-submarine-disaster/	72
7	8	submarines kursk submarine sinking sink	0	https://www.britannica.com/event/Kursk-submarine-disaster	73
7	8	submarines kursk submarine sinking sink	0	https://theintercept.com/2019/05/29/russia-submarine-kursk-norway-nsa/	74
7	8	submarines kursk submarine sinking sink	0	https://eurasiantimes.com/worlds-second-deadliest-nuclear-submarine-accident-kursk/	75
7	8	submarines kursk submarine sinking sink	0	https://www.navytimes.com/flashpoints/2021/11/22/russian-admiral-kursk-disaster-caused-by-nato-sub/	76
7	8	submarines kursk submarine sinking sink	0	https://www.quora.com/What-caused-the-Kursk-submarine-to-sink	77
7	8	submarines kursk submarine sinking sink	0	https://www.theguardian.com/world/2001/aug/05/kursk.russia	78
7	8	submarines kursk submarine sinking sink	0	https://www.theguardian.com/world/2003/aug/31/kursk.russia	79
8	9	bollywood india growth mumbai industry	0	https://www.indiewire.com/2013/10/why-is-bollywood-such-a-powerful-industry-mumbai-provides-an-answer-33491/	80
8	9	bollywood india growth mumbai industry	0	https://www.researchgate.net/publication/290917084_From_Bombay_to_bollywood_The_making_of_a_global_media_industry	81
8	9	bollywood india growth mumbai industry	0	https://musebycl.io/creative-cities/big-dreams-and-bollywood-mumbai-epicenter-creativity	82
8	9	bollywood india growth mumbai industry	0	https://economictimes.indiatimes.com/industry/media/entertainment/media/bollywood-is-threatened-by-indias-other-movie-making-powerhouse/articleshow/92586376.cms	83
8	9	bollywood india growth mumbai industry	0	https://www.forbes.com/sites/niallmccarthy/2014/09/03/bollywood-indias-film-industry-by-the-numbers-infographic/	84
8	9	bollywood india growth mumbai industry	0	https://trunicle.com/why-should-indian-film-industry-shift-out-of-mumbai-maharashtra/	85
8	9	bollywood india growth mumbai industry	0	https://www.quora.com/Why-is-Bollywood-a-Hindi-movie-industry-based-in-Mumbai-a-city-in-Maharashtra-and-not-anywhere-in-the-Hindi-region	86
8	9	bollywood india growth mumbai industry	0	https://en.wikipedia.org/wiki/Economy_of_Mumbai	87
8	9	bollywood india growth mumbai industry	0	https://www.isc.hbs.edu/Documents/resources/courses/moc-course-at-harvard/pdf/student-projects/India_%28Maharashtra%29_Film_2008.pdf	88
8	9	bollywood india growth mumbai industry	0	https://www.gtn.co.nz/mumbai	89
9	10	essay tax argument argue government	0	https://ivypanda.com/essays/tax-cuts/	90
9	10	essay tax argument argue government	0	https://ivypanda.com/essays/personal-income-tax-arguments-for-and-against/	91
9	10	essay tax argument argue government	0	https://www.andrewgiles.com.au/media-centre/opinion-pieces-speeches-transcripts/essay-tax-settings-and-inequality/	92
9	10	essay tax argument argue government	0	https://opencommons.uconn.edu/cgi/viewcontent.cgi?article=2270&context=gs_theses	93
9	10	essay tax argument argue government	0	https://www.bartleby.com/essay/Tax-Cut-Argument-Essay-FCGC7K4SGCM	94
9	10	essay tax argument argue government	0	https://www.bartleby.com/essay/Taxation-What-Is-Just-FKYCZ4XZ9J5Q	95
9	10	essay tax argument argue government	0	https://www.ipl.org/essay/The-Rich-Should-Pay-Higher-Taxes-Essay-PJZFAT8ERG	96
9	10	essay tax argument argue government	0	https://lucris.lub.lu.se/ws/files/24479372/Andersson_thesis_kappa.pdf	97
9	10	essay tax argument argue government	0	https://www.imf.org/external/pubs/ft/issues/issues27/	98
9	10	essay tax argument argue government	0	https://subnational.doingbusiness.org/en/data/exploretopics/paying-taxes/why-matters	99
10	11	infants developmental milestones age culture	0	https://www.frontiersin.org/articles/10.3389/fpsyg.2020.00119/full	100
10	11	infants developmental milestones age culture	0	https://www.frontiersin.org/articles/10.3389/fpsyg.2020.00119/full#h2	101
10	11	infants developmental milestones age culture	0	https://www.frontiersin.org/articles/10.3389/fpsyg.2020.00119/full#h3	102
10	11	infants developmental milestones age culture	0	https://www.frontiersin.org/articles/10.3389/fpsyg.2020.00119/full#h4	103
10	11	infants developmental milestones age culture	0	https://www.frontiersin.org/articles/10.3389/fpsyg.2020.00119/full#h5	104
10	11	infants developmental milestones age culture	0	https://lifestyle.howstuffworks.com/family/parenting/parenting-tips/child-development-milestones.htm	105
10	11	infants developmental milestones age culture	0	https://lifestyle.howstuffworks.com/family/parenting/parenting-tips/child-development-milestones.htm#pt1	106
10	11	infants developmental milestones age culture	0	https://lifestyle.howstuffworks.com/family/parenting/parenting-tips/child-development-milestones.htm#pt2	107
10	11	infants developmental milestones age culture	0	https://lifestyle.howstuffworks.com/family/parenting/parenting-tips/child-development-milestones.htm#pt4	108
10	11	infants developmental milestones age culture	0	https://www.researchgate.net/publication/318876779_SOCIO-CULTURAL_CONTEXT_OF_DEVELOPMENTAL_MILESTONES_IN_INFANCY_IN_SOUTH_WEST_NIGERIA_A_QUALITATIVE_STUDY	109
11	12	weddings wedding ceremonies traditions cultures	0	https://www.brides.com/gallery/wedding-traditions-around-the-world	110
11	12	weddings wedding ceremonies traditions cultures	0	https://www.beau-coup.com/cultural-traditions-weddings.htm	111
11	12	weddings wedding ceremonies traditions cultures	0	https://eventforte.com/18-wedding-traditions-by-culture.html	112
11	12	weddings wedding ceremonies traditions cultures	0	https://www.insider.com/wedding-traditions-around-the-world-2018-4	113
11	12	weddings wedding ceremonies traditions cultures	0	https://bridalmusings.com/171746/cultural-wedding-traditions-you-might-not-have-seen-before/	114
11	12	weddings wedding ceremonies traditions cultures	0	https://www.easyweddings.com.au/articles/10-awesome-wedding-traditions-from-other-cultures/	115
11	12	weddings wedding ceremonies traditions cultures	0	https://www.venuereport.com/roundups/13-beautiful-wedding-traditions-from-around-the-world/	116
11	12	weddings wedding ceremonies traditions cultures	0	https://family.jrank.org/pages/1117/Marriage-Ceremonies-Wedding-Traditions.html	117
11	12	weddings wedding ceremonies traditions cultures	0	https://www.minted.com/wedding-ideas/wedding-traditions	118
11	12	weddings wedding ceremonies traditions cultures	0	https://www.theknot.com/content/favorite-wedding-traditions-from-around-the-world	119
12	13	france french 1998 studies reactions	0	https://www.researchgate.net/publication/311511845_Football_Race_and_the_Republic_A_Study_of_Reactions_to_France's_1998_World_Cup_Victory	120
12	13	france french 1998 studies reactions	0	https://www.jstor.org/stable/26378219	121
12	13	france french 1998 studies reactions	0	https://www.academia.edu/34449375/The_French_Reaction_An_ecological_approach_to_language_policy_in_metropolitan_France	122
12	13	france french 1998 studies reactions	0	https://www.amazon.com/Galileo-France-Reactions-Comparative-Literatures/dp/082045768X	123
12	13	france french 1998 studies reactions	0	https://link.springer.com/chapter/10.1007/978-3-319-51664-6_5	124
12	13	france french 1998 studies reactions	0	https://link.springer.com/chapter/10.1007/978-1-4419-9094-5_2	125
12	13	france french 1998 studies reactions	0	https://www.reuters.com/article/uk-soccer-world-m35-esp-history-idUKKBN0EW0J720140621	126
12	13	france french 1998 studies reactions	0	https://www.ncbi.nlm.nih.gov/pmc/articles/PMC5033180/	127
12	13	france french 1998 studies reactions	0	https://www.brookings.edu/wp-content/uploads/2016/06/shapiro20030301.pdf	128
12	13	france french 1998 studies reactions	0	https://www.semanticscholar.org/paper/Reactions-in-British-and-French-universities-to-the-Brown/4011faca0fcdd22ba1d09847a0d8bc0b4e10d788	129
13	14	naturalism evidence philosophy argument existence	0	https://www.newdualism.org/papers/D.Synnestvedt/naturalism.htm	130
13	14	naturalism evidence philosophy argument existence	0	https://plato.stanford.edu/entries/naturalism/	131
13	14	naturalism evidence philosophy argument existence	0	https://plato.stanford.edu/entries/lawphil-naturalism/	132
13	14	naturalism evidence philosophy argument existence	0	https://en.wikipedia.org/wiki/Naturalism_(philosophy)	133
13	14	naturalism evidence philosophy argument existence	0	https://www.britannica.com/topic/naturalism-philosophy	134
13	14	naturalism evidence philosophy argument existence	0	https://www.jstor.org/stable/23013336	135
13	14	naturalism evidence philosophy argument existence	0	https://www.jstor.org/stable/27500032	136
13	14	naturalism evidence philosophy argument existence	0	https://iep.utm.edu/naturali/	137
13	14	naturalism evidence philosophy argument existence	0	https://www.researchgate.net/publication/226441686_Naturalism_evidence_and_creationism_The_case_of_Phillip_Johnson	138
13	14	naturalism evidence philosophy argument existence	0	https://stanford.library.sydney.edu.au/archives/sum2010/entries/naturalism/	139
14	15	voip providers phones phone internet	0	https://www.softwaretestinghelp.com/best-voip-service-providers/	140
14	15	voip providers phones phone internet	0	https://www.pcmag.com/picks/the-best-business-voip-providers	141
14	15	voip providers phones phone internet	0	https://www.pcmag.com/picks/finally-ditch-that-landline-the-best-voip-home-phone-services	142
14	15	voip providers phones phone internet	0	https://www.voipreview.org/mobile-voip-providers	143
14	15	voip providers phones phone internet	0	https://www.techradar.com/news/best-voip-service	144
14	15	voip providers phones phone internet	0	https://www.business2community.com/voip/best-voip-service	145
14	15	voip providers phones phone internet	0	https://www.businessnewsdaily.com/15323-voip-vs-landline.html	146
14	15	voip providers phones phone internet	0	https://wpforms.com/best-business-voip-and-internet-phone-systems/	147
14	15	voip providers phones phone internet	0	https://www.g2.com/categories/voip	148
14	15	voip providers phones phone internet	0	https://filmlifestyle.com/best-voip-providers/	149
15	16	fitness exercises diets fit achieve	0	https://www.healthline.com/health/fitness-exercise-eating-healthy	150
15	16	fitness exercises diets fit achieve	0	https://www.excellenceinfitness.com/blog/nutrition-for-fitness-training-the-facts-you-need-to-know	151
15	16	fitness exercises diets fit achieve	0	https://www.webmd.com/fitness-exercise/ss/slideshow-best-foods-fitness	152
15	16	fitness exercises diets fit achieve	0	https://www.girlsgonestrong.com/blog/articles/how-your-diet-helps-you-achieve-these-3-popular-fitness-goals/	153
15	16	fitness exercises diets fit achieve	0	https://livefit.com/blogs/livefit/6-easy-steps-to-creating-your-own-fitness-diet-routine	154
15	16	fitness exercises diets fit achieve	0	https://www.muscleandfitness.com/muscle-fitness-hers/hers-nutrition/6-diet-rules-follow-if-you-want-get-stronger/	155
15	16	fitness exercises diets fit achieve	0	https://www.verywellfit.com/why-you-need-nutrition-and-fitness-3121363	156
15	16	fitness exercises diets fit achieve	0	https://www.verywellfit.com/fitness-pros-eat-this-to-look-tight-and-toned-3121404	157
15	16	fitness exercises diets fit achieve	0	https://www.mensjournal.com/food-drink/the-20-fittest-foods/	158
15	16	fitness exercises diets fit achieve	0	https://www.mayoclinic.org/healthy-lifestyle/nutrition-and-healthy-eating/in-depth/nutrition-rules-that-will-fuel-your-workout/art-20390073	159
16	17	depression unhappy sleep suffering nights	0	https://www.sleepfoundation.org/mental-health/depression-and-sleep	160
16	17	depression unhappy sleep suffering nights	0	https://www.healthline.com/health/depression-at-night	161
16	17	depression unhappy sleep suffering nights	0	https://www.hopkinsmedicine.org/health/wellness-and-prevention/depression-and-sleep-understanding-the-connection	162
16	17	depression unhappy sleep suffering nights	0	https://www.webmd.com/depression/sleep-depression	163
16	17	depression unhappy sleep suffering nights	0	https://www.webmd.com/depression/guide/depression-sleep-disorder	164
16	17	depression unhappy sleep suffering nights	0	https://www.verywellmind.com/coping-with-sleep-disturbances-during-depression-4161015	165
16	17	depression unhappy sleep suffering nights	0	https://www.verywellmind.com/why-am-i-depressed-only-at-night-1066892	166
16	17	depression unhappy sleep suffering nights	0	https://health.clevelandclinic.org/what-you-should-know-about-the-relationship-between-oversleeping-and-depression/	167
16	17	depression unhappy sleep suffering nights	0	https://theconversation.com/why-a-lack-of-sleep-makes-us-depressed-and-what-we-can-do-about-it-66446	168
16	17	depression unhappy sleep suffering nights	0	https://www.medicalnewstoday.com/articles/depression-at-night	169
17	18	pseudocyesis pregnancy pregnant disorder clinical	0	https://www.uptodate.com/contents/pseudocyesis	170
17	18	pseudocyesis pregnancy pregnant disorder clinical	0	https://www.ncbi.nlm.nih.gov/pmc/articles/PMC3361851/	171
17	18	pseudocyesis pregnancy pregnant disorder clinical	0	https://www.ncbi.nlm.nih.gov/pmc/articles/PMC3361851/#abstract-1title	172
17	18	pseudocyesis pregnancy pregnant disorder clinical	0	https://www.ncbi.nlm.nih.gov/pmc/articles/PMC3361851/#sec1-1title	173
17	18	pseudocyesis pregnancy pregnant disorder clinical	0	https://www.ncbi.nlm.nih.gov/pmc/articles/PMC3361851/#sec1-2title	174
17	18	pseudocyesis pregnancy pregnant disorder clinical	0	https://www.ncbi.nlm.nih.gov/pmc/articles/PMC3361851/#sec1-3title	175
17	18	pseudocyesis pregnancy pregnant disorder clinical	0	https://www.ncbi.nlm.nih.gov/pmc/articles/PMC5894469/	176
17	18	pseudocyesis pregnancy pregnant disorder clinical	0	https://www.cureus.com/articles/40598-a-rare-case-of-pseudocyesis-in-a-patient-with-bipolar-disorder	177
17	18	pseudocyesis pregnancy pregnant disorder clinical	0	https://www.webmd.com/baby/false-pregnancy-pseudocyesis	178
17	18	pseudocyesis pregnancy pregnant disorder clinical	0	https://flo.health/pregnancy/pregnancy-health/emotional-health/pseudocyesis	179
18	19	pocono pennsylvania mountains winter vacation	0	https://www.poconomountains.com/blog/post/must-do-winter-adventures-in-the-poconos-other-than-downhill-skiing/	180
18	19	pocono pennsylvania mountains winter vacation	0	https://www.poconomountains.com/plan-your-vacation/seasons/winter/	181
18	19	pocono pennsylvania mountains winter vacation	0	https://thefrenchmanor.com/blog/things-to-do-in-the-poconos-in-winter/	182
18	19	pocono pennsylvania mountains winter vacation	0	https://mainlinetoday.com/travel/8-cozy-pocono-area-getaways-perfect-for-a-winter-escape/	183
18	19	pocono pennsylvania mountains winter vacation	0	https://www.timesunion.com/travel/article/Poconos-winter-vacation-16953072.php	184
18	19	pocono pennsylvania mountains winter vacation	0	https://traveltips.usatoday.com/pocono-winter-vacation-39132.html	185
18	19	pocono pennsylvania mountains winter vacation	0	https://traveltips.usatoday.com/winter-resorts-poconos-18123.html	186
18	19	pocono pennsylvania mountains winter vacation	0	https://www.poconomountainrentals.com/winter-vacation-homes/	187
18	19	pocono pennsylvania mountains winter vacation	0	https://www.poconomountainrentals.com/winter-rentals-in-the-poconos/	188
18	19	pocono pennsylvania mountains winter vacation	0	https://selectregistry.com/blog/best-places-to-stay-in-the-poconos/	189
19	20	roof reduce sun temperature conditioning	0	https://www.energy.gov/energysaver/cool-roofs	190
19	20	roof reduce sun temperature conditioning	0	https://www.houzz.in/magazine/how-to-beat-the-summer-heat-by-keeping-the-roof-cool-stsetivw-vs~120620519	191
19	20	roof reduce sun temperature conditioning	0	https://savingenergyforlife.com/blog/solar-panels-lower-your-rooftop-temperature	192
19	20	roof reduce sun temperature conditioning	0	https://home.howstuffworks.com/home-improvement/construction/green/10-ways-cool-roof.htm	193
19	20	roof reduce sun temperature conditioning	0	https://www.sciencedirect.com/science/article/abs/pii/S2352710217307933	194
19	20	roof reduce sun temperature conditioning	0	https://www.sciencedirect.com/science/article/pii/S2666123321000209#!	195
19	20	roof reduce sun temperature conditioning	0	https://heatisland.lbl.gov/coolscience/cool-roofs	196
19	20	roof reduce sun temperature conditioning	0	https://www.epa.gov/sites/default/files/2014-06/documents/hiribrochure.pdf	197
19	20	roof reduce sun temperature conditioning	0	https://www.epa.gov/heatislands/using-green-roofs-reduce-heat-islands	198
19	20	roof reduce sun temperature conditioning	0	https://www.arkema.com/global/en/resources/post/saving-30-in-air-conditioning-costs-thanks-to-cool-roofing/	199
20	21	hydropower hydroelectric renewable dams fuels	0	https://www.energy.gov/eere/water/benefits-hydropower	200
20	21	hydropower hydroelectric renewable dams fuels	0	https://www.energy.gov/eere/water/how-hydropower-works	201
20	21	hydropower hydroelectric renewable dams fuels	0	https://www.usgs.gov/special-topics/water-science-school/science/hydroelectric-power-advantages-production-and-usage	202
20	21	hydropower hydroelectric renewable dams fuels	0	https://www.itaipu.gov.br/en/energy/10-reasons-promoting-hydroelectricity	203
20	21	hydropower hydroelectric renewable dams fuels	0	https://www.sustaineurope.com/how-green-is-hydropower-20180229.html	204
20	21	hydropower hydroelectric renewable dams fuels	0	https://www.cnbc.com/2022/06/02/why-hydropower-is-the-worlds-most-overlooked-renewable.html	205
20	21	hydropower hydroelectric renewable dams fuels	0	https://www.eia.gov/energyexplained/hydropower/	206
20	21	hydropower hydroelectric renewable dams fuels	0	https://climatescience.org/advanced-energy-hydro	207
20	21	hydropower hydroelectric renewable dams fuels	0	https://www1.agric.gov.ab.ca/$department/deptdocs.nsf/ba3468a2a8681f69872569d60073fde1/55ddc7f148334ac687256bdf00611610/$FILE/Hydroelectric.pdf	208
20	21	hydropower hydroelectric renewable dams fuels	0	https://www.pnas.org/doi/10.1073/pnas.1809426115	209
21	22	mitigating guns banning violence constitutional	0	https://www.judiciary.senate.gov/imo/media/doc/Major%20Cities%20Chief%20Association%20(MCCA)%20statement.pdf	210
21	22	mitigating guns banning violence constitutional	0	https://publichealth.jhu.edu/2022/the-supreme-courts-ruling-on-guns	211
21	22	mitigating guns banning violence constitutional	0	https://abcnews.go.com/US/amendment-losing-relevance-gun-debate/story?id=79474562	212
21	22	mitigating guns banning violence constitutional	0	https://www.bu.edu/articles/2022/pov-new-federal-gun-safety-legislation-undermined-by-scotus-decision/	213
21	22	mitigating guns banning violence constitutional	0	https://www.americanbar.org/content/dam/aba/administrative/public_education/resources/gun_violence/gun_violence_full_publication.authcheckdam.pdf	214
21	22	mitigating guns banning violence constitutional	0	https://www.nytimes.com/2013/02/13/us/politics/constitutional-issues-become-focus-of-gun-debate.html	215
21	22	mitigating guns banning violence constitutional	0	https://www.nytimes.com/2022/06/23/us/supreme-court-ny-open-carry-gun-law.html	216
21	22	mitigating guns banning violence constitutional	0	https://www.nbcnews.com/politics/supreme-court/supreme-court-says-second-amendment-guarantees-right-carry-guns-public-rcna17721	217
21	22	mitigating guns banning violence constitutional	0	https://www.researchgate.net/publication/228234512_Would_Banning_Firearms_Reduce_Murder_and_Suicide_A_Review_of_International_Evidence	218
21	22	mitigating guns banning violence constitutional	0	https://www.cwla.org/the-impact-of-gun-violence-on-children-families-communities/	219
22	23	homicides massacre hobart shooting arthur	0	https://en.wikipedia.org/wiki/Port_Arthur_massacre_(Australia)	220
22	23	homicides massacre hobart shooting arthur	0	https://en.wikipedia.org/wiki/Martin_Bryant	221
22	23	homicides massacre hobart shooting arthur	0	https://en.wikipedia.org/wiki/List_of_massacres_in_Australia	222
22	23	homicides massacre hobart shooting arthur	0	https://en.wikipedia.org/wiki/Port_Arthur_massacre_(China)	223
22	23	homicides massacre hobart shooting arthur	0	https://en.wikipedia.org/wiki/Gun_laws_of_Australia	224
22	23	homicides massacre hobart shooting arthur	0	https://www.britannica.com/event/Port-Arthur-Massacre	225
22	23	homicides massacre hobart shooting arthur	0	https://www.history.com/this-day-in-history/port-arthur-massacre-in-australia	226
22	23	homicides massacre hobart shooting arthur	0	https://www.nma.gov.au/defining-moments/resources/port-arthur-massacre	227
22	23	homicides massacre hobart shooting arthur	0	https://www.theguardian.com/world/2016/mar/15/it-took-one-massacre-how-australia-made-gun-control-happen-after-port-arthur	228
22	23	homicides massacre hobart shooting arthur	0	https://www.abc.net.au/news/2021-09-29/nitram-port-arthur-massacre-movie-tasmanians-justin-kurzel/100499548	229
23	24	bull drinks drink red ban	0	https://www.medicalnewstoday.com/articles/5753	230
23	24	bull drinks drink red ban	0	https://www.bbc.com/news/uk-46884997	231
23	24	bull drinks drink red ban	0	https://www.redbull.com/mea-en/energydrink/does-red-bull-energy-drink-contain-any-doping-substances	232
23	24	bull drinks drink red ban	0	https://www.thetimes.co.uk/article/red-bull-to-be-banned-for-children-over-health-fears-5sk7g37q5	233
23	24	bull drinks drink red ban	0	https://www.drinks-insight-network.com/comment/energy-drinks-marketing-faces-tough-times-ahead/	234
23	24	bull drinks drink red ban	0	https://www.quora.com/Why-is-Red-Bull-banned-in-countries-like-Iran	235
23	24	bull drinks drink red ban	0	https://kathmandupost.com/money/2019/06/24/government-bans-import-of-red-bull-and-flavoured-synthetic-drinks	236
23	24	bull drinks drink red ban	0	https://www.reuters.com/article/us-france-redbull-idUSL1576964720080715	237
23	24	bull drinks drink red ban	0	https://www.abc.net.au/news/2018-08-30/uk-to-ban-children-from-buying-energy-drinks/10184612	238
23	24	bull drinks drink red ban	0	https://www.belfasttelegraph.co.uk/imported/red-bull-drink-banned-28302576.html	239
24	25	dehumidifier buy value money makes	0	https://www.goodhousekeeping.com/appliances/g27192069/best-dehumidifier/	240
24	25	dehumidifier buy value money makes	0	https://www.nytimes.com/wirecutter/reviews/best-dehumidifier/	241
24	25	dehumidifier buy value money makes	0	https://www.donmarcompany.com/about-us/blog/2021/june/are-dehumidifiers-worth-the-investment-/	242
24	25	dehumidifier buy value money makes	0	https://www.expertreviews.co.uk/home-appliances/1405810/best-dehumidifiers	243
24	25	dehumidifier buy value money makes	0	https://www.choice.com.au/home-and-living/cooling/dehumidifier/articles/what-does-a-dehumidifier-do	244
24	25	dehumidifier buy value money makes	0	https://www.tomsguide.com/best-picks/best-dehumidifiers	245
24	25	dehumidifier buy value money makes	0	https://www.nbcnews.com/select/shopping/best-affordable-dehumidifiers-ncna1268812	246
24	25	dehumidifier buy value money makes	0	https://www.consumerreports.org/dehumidifiers/best-dehumidifiers-under-250-a7084416641/	247
24	25	dehumidifier buy value money makes	0	https://www.consumerreports.org/cro/dehumidifiers/buying-guide/index.htm	248
24	25	dehumidifier buy value money makes	0	https://www.amazon.com/Best-Sellers-Dehumidifiers/zgbs/home-garden/267557011	249
25	26	destinations travel vacation compare research	0	https://www.researchgate.net/publication/249701035_A_Comparison_of_Main-Destination_Visitors_and_Through_Travelers_at_a_Dual-Purpose_Destination	250
25	26	destinations travel vacation compare research	0	https://www.researchgate.net/publication/257603449_Understanding_vacation_destination_choice_through_travel_motivation_and_activities	251
25	26	destinations travel vacation compare research	0	https://www.phocuswright.com/Travel-Research/Research-Updates/2020/destination-and-vacation-decision-make-planning-and-timing	252
25	26	destinations travel vacation compare research	0	https://blog.accessdevelopment.com/tourism-and-travel-statistics-the-ultimate-collection	253
25	26	destinations travel vacation compare research	0	https://link.springer.com/article/10.1007/s40558-021-00201-w	254
25	26	destinations travel vacation compare research	0	https://www.destinationanalysts.com/insights-updates/	255
25	26	destinations travel vacation compare research	0	https://www.wowessays.com/free-samples/example-of-research-report-comparing-two-travel-destinations-milan-and-buenos-aires-report/	256
25	26	destinations travel vacation compare research	0	https://nextvacay.com/how-to-research-travel-destinations	257
25	26	destinations travel vacation compare research	0	https://global-goose.com/20-ways-research-travel-destination-go/	258
25	26	destinations travel vacation compare research	0	https://scholarworks.bgsu.edu/cgi/viewcontent.cgi?article=1381&context=visions	259
26	27	dehumidifier dehumidifiers specifications expensive price	0	https://www.smartprix.com/dehumidifiers/?sort=price&page=2	260
26	27	dehumidifier dehumidifiers specifications expensive price	0	https://www.homeadvisor.com/cost/heating-and-cooling/dehumidifier/	261
26	27	dehumidifier dehumidifiers specifications expensive price	0	https://www.amazon.com/dehumidifiers/b?ie=UTF8&node=267557011	262
26	27	dehumidifier dehumidifiers specifications expensive price	0	https://www.amazon.com/Dehumidifier-Basements-HUMILABS-Dehumidifiers-Intelligent/dp/B09FXNYHHB	263
26	27	dehumidifier dehumidifiers specifications expensive price	0	https://ecocostsavings.com/cost-to-run-dehumidifier/	264
26	27	dehumidifier dehumidifiers specifications expensive price	0	https://www.tomsguide.com/best-picks/best-dehumidifiers	265
26	27	dehumidifier dehumidifiers specifications expensive price	0	https://www.bestbuy.com/site/shop/dehumidifier-cost	266
26	27	dehumidifier dehumidifiers specifications expensive price	0	https://www.idealhome.co.uk/property-advice/how-much-does-it-cost-to-run-a-dehumidifier-298272	267
26	27	dehumidifier dehumidifiers specifications expensive price	0	https://learnmetrics.com/cost-of-running-a-dehumidifier/	268
26	27	dehumidifier dehumidifiers specifications expensive price	0	https://www.nytimes.com/wirecutter/reviews/best-dehumidifier/	269
27	28	breeds bred designer purebred dog	0	https://www.rover.com/blog/designer-dog-breeds/	270
27	28	breeds bred designer purebred dog	0	https://www.thesprucepets.com/what-is-a-designer-dog-breed-1118093	271
27	28	breeds bred designer purebred dog	0	https://vcahospitals.com/know-your-pet/designer-dog-breeds	272
27	28	breeds bred designer purebred dog	0	https://www.petassure.com/new-newsletters/whats-the-difference-designer-or-hybrid-breeds/	273
27	28	breeds bred designer purebred dog	0	https://www.thewildest.com/dog-lifestyle/truth-behind-designer-dogs-and-dog-breeding	274
27	28	breeds bred designer purebred dog	0	https://time.com/designer-dogs/	275
27	28	breeds bred designer purebred dog	0	https://petkeen.com/designer-dog-breeds/	276
27	28	breeds bred designer purebred dog	0	https://animalcorner.org/blog/designer-dog-breeds/	277
27	28	breeds bred designer purebred dog	0	https://ocm.auburn.edu/experts/2019/10/010117-designer-dogs-breeding.php	278
27	28	breeds bred designer purebred dog	0	https://naiaonline.org/articles/article/the-clinical-truths-about-pure-breeds-mixed-breeds-and-designer-breeds	279
28	29	bollywood beverly industries oscars city	0	https://ils.unc.edu/searchtasks/search_show_task.php?aid=1196&no=1	280
28	29	bollywood beverly industries oscars city	0	https://www.reuters.com/article/uk-usa-bollywood-idUKBREA3O1PF20140425	281
28	29	bollywood beverly industries oscars city	0	https://www.hindustantimes.com/entertainment/bollywood/swara-bhasker-pre-oscar-gala-was-all-about-empowering-each-other-101648322857184.html	282
28	29	bollywood beverly industries oscars city	0	https://www.cp24.com/bollywood-oscars-look-to-live-up-to-hype-1.662108?cache=wpwecmoua%3FclipId%3D86116	283
28	29	bollywood beverly industries oscars city	0	https://www.ctvnews.ca/entertainment/stars-fans-to-descend-on-tampa-for-bollywood-s-version-of-oscars-1.1787705/comments-7.508301	284
28	29	bollywood beverly industries oscars city	0	https://www.gqindia.com/entertainment/content/oscars-2022-south-asian-celebrities-who-attended-priyanka-chopras-pre-oscars-event	285
28	29	bollywood beverly industries oscars city	0	https://www.weforum.org/agenda/2020/02/5-facts-to-show-anyone-who-thinks-the-global-film-business-is-all-about-hollywood/	286
28	29	bollywood beverly industries oscars city	0	https://www.yahoo.com/entertainment/news/indian-film-stars-bollywood-oscars-come-fla-201544203.html	287
28	29	bollywood beverly industries oscars city	0	http://content.time.com/time/magazine/article/0,9171,1203000,00.html	288
28	29	bollywood beverly industries oscars city	0	https://timesofindia.indiatimes.com/entertainment/hindi/bollywood/news/mughal-e-azams-screenplay-admitted-in-oscars-library/articleshow/77412574.cms	289
29	30	swahili kenya cooking dish cook	0	https://www.pinterest.com/pin/delicious-kenya-swahili-pilau-recipe--359302876496655549/	290
29	30	swahili kenya cooking dish cook	0	https://www.kitchencounterchronicle.com/kenya-swahili-pilau/	291
29	30	swahili kenya cooking dish cook	0	https://www.pinterest.ca/asmasule62/swahili-dishes/	292
29	30	swahili kenya cooking dish cook	0	https://www.tuko.co.ke/271894-best-kenyan-swahili-dishes-recipes.html	293
29	30	swahili kenya cooking dish cook	0	https://mayuris-jikoni.com/tag/swahili-cuisine/	294
29	30	swahili kenya cooking dish cook	0	https://www.malindikenya.net/en/articles/territory/kenya-food/how-to-cook-the-real-swahili-style-chicken.html	295
29	30	swahili kenya cooking dish cook	0	https://weeatatlast.com/swahili-kenyan-pilau-rice/	296
29	30	swahili kenya cooking dish cook	0	https://africageographic.com/stories/six-swahili-food-dishes-wont-want-miss/	297
29	30	swahili kenya cooking dish cook	0	https://www.youtube.com/watch?v=gAFYD7puyNw	298
29	30	swahili kenya cooking dish cook	0	https://theculturetrip.com/africa/kenya/articles/the-swahili-cuisine-kenya-s-mouthwatering-food/	299
30	31	derby racing churchill schedule breeders	0	https://www.churchilldowns.com/visit/info/breeders-cup-gates-and-entry-process	300
30	31	derby racing churchill schedule breeders	0	https://www.churchilldowns.com/calendar/featured-events	301
30	31	derby racing churchill schedule breeders	0	https://www.kentuckyderby.com/racing/breeders-cup	302
30	31	derby racing churchill schedule breeders	0	https://nbcsportsgrouppressbox.com/2022/06/30/breeders-cup-challenge-series-from-churchill-downs-presented-this-saturday-live-at-4-p-m-et-on-nbc-peacock/	303
30	31	derby racing churchill schedule breeders	0	https://www.kentucky.com/sports/horses/article263052738.html	304
30	31	derby racing churchill schedule breeders	0	https://www.twinspires.com/race-tracks/churchill-downs	305
30	31	derby racing churchill schedule breeders	0	https://en.wikipedia.org/wiki/Kentucky_Derby	306
30	31	derby racing churchill schedule breeders	0	https://www.bloodhorse.com/horse-racing/articles/259090/breeders-cup-initiates-dirt-race-participation-bonus	307
30	31	derby racing churchill schedule breeders	0	https://www.nytimes.com/2021/11/04/sports/horse-racing/bob-baffert-breeders-cup.html	308
30	31	derby racing churchill schedule breeders	0	https://www.courier-journal.com/story/sports/horses/kentucky-derby/2022/05/06/jackies-warrior-back-more-brad-cox-has-2-horses-derby-city/6552198001/	309
31	32	destinations cities destination travel trip	0	https://www.planetware.com/world/top-cities-in-the-world-to-visit-eng-1-39.htm	310
31	32	destinations cities destination travel trip	0	https://travel.usnews.com/rankings/worlds-best-vacations/	311
31	32	destinations cities destination travel trip	0	https://www.forbes.com/sites/laurabegleybloom/2019/09/04/bucket-list-travel-the-top-50-places-in-the-world/	312
31	32	destinations cities destination travel trip	0	https://www.delicious.com.au/travel/international/gallery/100-cities-deserve-place-travel-bucket-list/o4lzlr69	313
31	32	destinations cities destination travel trip	0	https://www.packupgo.com/destination-cities	314
31	32	destinations cities destination travel trip	0	https://viatravelers.com/best-tourist-destinations/	315
31	32	destinations cities destination travel trip	0	https://travelness.com/most-visited-cities-in-the-world	316
31	32	destinations cities destination travel trip	0	https://www.tripadvisor.com/blog/best-destinations-travel-experiences-world-rankings/	317
31	32	destinations cities destination travel trip	0	https://www.travelandleisure.com/worlds-best/cities	318
31	32	destinations cities destination travel trip	0	https://www.globotreks.com/tips/best-places-visit-each-month-year/	319
32	33	glassblowing glass edison bulb advances	0	https://theemeraldmagazine.com/glassblowing-an-ancient-artform/	320
32	33	glassblowing glass edison bulb advances	0	https://asgs-glass.org/what-is-scientific-glassblowing/	321
32	33	glassblowing glass edison bulb advances	0	http://www.chem.latech.edu/~upali/chem281/glassblowing/glassblowing1.htm	322
32	33	glassblowing glass edison bulb advances	0	https://www.worldscientific.com/doi/pdf/10.1142/9789811247880_0007	323
32	33	glassblowing glass edison bulb advances	0	https://www.worldscientific.com/doi/pdf/10.1142/9789811247880_0008	324
32	33	glassblowing glass edison bulb advances	0	http://www.historyofglass.com/glass-history/glass-blowing-history/	325
32	33	glassblowing glass edison bulb advances	0	https://qsstudy.com/what-is-scientific-glassblowing/	326
32	33	glassblowing glass edison bulb advances	0	https://www.southampton.ac.uk/scas/scientific-glassblowing.page	327
32	33	glassblowing glass edison bulb advances	0	https://www.scientificglassservices.co.uk/what-is-scientific-glassblowing/	328
32	33	glassblowing glass edison bulb advances	0	https://www.salon.com/2020/04/24/how-glass-drove-scientific-discovery/	329
33	34	connecticut training academy career interests	0	https://portal.ct.gov/SDE/Career-and-Technical-Education/Career-and-Technical-Education/Career-Clusters-Pathways-Programs-of-Study	330
33	34	connecticut training academy career interests	0	https://www1.ctdol.state.ct.us/jcc/step1.asp	331
33	34	connecticut training academy career interests	0	https://www1.ctdol.state.ct.us/jcc/viewarticle.asp?intArticle=23	332
33	34	connecticut training academy career interests	0	https://careers.bankofamerica.com/en-us/job-detail/22064335/relationship-banker-west-hartford-financial-center-west-hartford-ct-west-hartford-connecticut-united-states	333
33	34	connecticut training academy career interests	0	https://www.ct.edu/regents/mission	334
33	34	connecticut training academy career interests	0	https://www.jobapscloud.com/CT/sup/bulpreview.asp?R1=220527&R2=7961SP&R3=001	335
33	34	connecticut training academy career interests	0	https://www.jobapscloud.com/CT/auditor/ClassSpecs.asp	336
33	34	connecticut training academy career interests	0	https://www.norwichct.org/506/Youth-Employment-Programs	337
33	34	connecticut training academy career interests	0	https://www.easterseals.com/hartford/our-programs/employment-training/	338
33	34	connecticut training academy career interests	0	http://www.211ct.org/search?term=Career%20Counseling&page=1&location=ct&service_area=connecticut	339
34	35	lobbying lobbyist merck lobbied pharmaceutical	0	https://www.citizensforethics.org/reports-investigations/crew-reports/a-bitter-pill-how-big-pharma-lobbies-to-keep-prescription-drug-prices-high/	340
34	35	lobbying lobbyist merck lobbied pharmaceutical	0	https://www.fiercepharma.com/pharma/peddling-influence-d-c-cost-pharma-industry-a-record-92m-first-quarter	341
34	35	lobbying lobbyist merck lobbied pharmaceutical	0	https://www.fiercepharma.com/pharma/novartis-pfizer-and-amgen-top-pharma-s-lobby-spending-eventful-q1	342
34	35	lobbying lobbyist merck lobbied pharmaceutical	0	https://www.opensecrets.org/federal-lobbying/industries/summary?id=H04	343
34	35	lobbying lobbyist merck lobbied pharmaceutical	0	https://drugstorenews.com/pharmacy/merck-spends-nearly-12-million-lobbying-2q	344
34	35	lobbying lobbyist merck lobbied pharmaceutical	0	https://www.nytimes.com/2001/11/04/business/a-muscular-lobby-rolls-up-its-sleeves.html	345
34	35	lobbying lobbyist merck lobbied pharmaceutical	0	https://lobbycanada.gc.ca/app/secure/ocl/lrs/do/clntSmmry?clientOrgCorpNumber=12241&sMdKy=	346
34	35	lobbying lobbyist merck lobbied pharmaceutical	0	https://www.cbc.ca/news/canada/new-brunswick/no-lobbying-pharmaceutical-manufacturers-1.5283538	347
34	35	lobbying lobbyist merck lobbied pharmaceutical	0	https://www.ncbi.nlm.nih.gov/pmc/articles/PMC3483914/	348
34	35	lobbying lobbyist merck lobbied pharmaceutical	0	https://www.finance.senate.gov/imo/media/doc/4.4.2022%20Letter%20from%20Chairman%20Wyden%20to%20Merck.pdf	349
35	36	crisis eurozone europe downturns portugal	0	https://d-nb.info/1129266907/34	350
35	36	crisis eurozone europe downturns portugal	0	https://www.jstor.org/stable/23594865	351
35	36	crisis eurozone europe downturns portugal	0	https://www.esm.europa.eu/publications/safeguarding-euro/crisis-spreads-portugal-second-call-aid	352
35	36	crisis eurozone europe downturns portugal	0	https://www.consilium.europa.eu/media/33780/speech-peg-harvard-april-2018.pdf	353
35	36	crisis eurozone europe downturns portugal	0	https://www.united-europe.eu/2018/07/how-portugal-overcame-the-crisis/	354
35	36	crisis eurozone europe downturns portugal	0	https://www.athensjournals.gr/mediterranean/2016-2-2-1-Correia.pdf	355
35	36	crisis eurozone europe downturns portugal	0	https://www.researchgate.net/publication/328786841_The_European_Crisis_Repercussions_on_the_Portuguese_Economy	356
35	36	crisis eurozone europe downturns portugal	0	https://en.wikipedia.org/wiki/2010%E2%80%932014_Portuguese_financial_crisis	357
35	36	crisis eurozone europe downturns portugal	0	https://en.wikipedia.org/wiki/European_debt_crisis	358
35	36	crisis eurozone europe downturns portugal	0	https://www.brookings.edu/bpea-articles/the-portuguese-slump-and-crash-and-the-euro-crisis/	359
36	37	roof silicone coating cooling material	0	https://pmsilicone.com/silicone-roof-coatings-reflectivity/	360
36	37	roof silicone coating cooling material	0	https://siliconeforbuilding.com/products/roof-coating	361
36	37	roof silicone coating cooling material	0	https://www.attainablehome.com/what-is-cool-roof-coating/	362
36	37	roof silicone coating cooling material	0	https://www.attainablehome.com/what-is-cool-roof-coating/#Typesnbspof_Cool_Roof_Coating	363
36	37	roof silicone coating cooling material	0	https://www.attainablehome.com/what-is-cool-roof-coating/#Best_Cool_Roof_Coating_Products	364
36	37	roof silicone coating cooling material	0	https://www.coatingsworld.com/issues/2018-05-01/view_features/silicone-cool-roof-coatings/	365
36	37	roof silicone coating cooling material	0	https://www.americanweatherstar.com/pros-and-cons-of-silicone-roof-coatings/	366
36	37	roof silicone coating cooling material	0	https://www.coolroofstore.net/crs-silicone/	367
36	37	roof silicone coating cooling material	0	https://www.roofingcontractor.com/articles/93912-product-focus-roof-coatings-with-silicone-materials	368
36	37	roof silicone coating cooling material	0	https://henry.com/retail/white-roof-coatings/887-tropi-cool-100-silicone-white-roof-coating	369
37	38	colleges scholarships university college suny	0	https://www.suny.edu/smarttrack/types-of-financial-aid/scholarships/excelsior/	370
37	38	colleges scholarships university college suny	0	https://www.suny.edu/smarttrack/types-of-financial-aid/scholarships/	371
37	38	colleges scholarships university college suny	0	https://www.suny.edu/counselor/faqs/parents/	372
37	38	colleges scholarships university college suny	0	https://www.suny.edu/diversity/scholarships-grants/	373
37	38	colleges scholarships university college suny	0	https://www.suny.edu/attend/learn-more/faqs/international-students/	374
37	38	colleges scholarships university college suny	0	https://www.suny.edu/smarttrack/types-of-financial-aid/financial-aid-resources/	375
37	38	colleges scholarships university college suny	0	https://www.suny.edu/smarttrack/types-of-financial-aid/grants/	376
37	38	colleges scholarships university college suny	0	https://www2.cortland.edu/cost-aid/scholarships/	377
37	38	colleges scholarships university college suny	0	https://www.sunymaritime.edu/cost-aidapply-aid/scholarships	378
37	38	colleges scholarships university college suny	0	https://www.cuny.edu/financial-aid/scholarships/	379
38	39	eurozone crisis causes financial effects	0	https://www.naturalspublishing.com/files/published/3zl7oij137v39s.pdf	380
38	39	eurozone crisis causes financial effects	0	https://www.thebalance.com/eurozone-debt-crisis-causes-cures-and-consequences-3305524	381
38	39	eurozone crisis causes financial effects	0	https://www.thebalance.com/eurozone-debt-crisis-causes-cures-and-consequences-3305524#toc-causes	382
38	39	eurozone crisis causes financial effects	0	https://www.thebalance.com/eurozone-debt-crisis-causes-cures-and-consequences-3305524#toc-the-solution	383
38	39	eurozone crisis causes financial effects	0	https://www.thebalance.com/eurozone-debt-crisis-causes-cures-and-consequences-3305524#toc-affects-of-the-treaty	384
38	39	eurozone crisis causes financial effects	0	https://www.thebalance.com/eurozone-debt-crisis-causes-cures-and-consequences-3305524#toc-consequences	385
38	39	eurozone crisis causes financial effects	0	https://www.investopedia.com/terms/e/european-sovereign-debt-crisis.asp	386
38	39	eurozone crisis causes financial effects	0	https://www.investopedia.com/terms/e/european-sovereign-debt-crisis.asp#toc-debt-crisis-contributing-causes	387
38	39	eurozone crisis causes financial effects	0	https://www.investopedia.com/terms/e/european-sovereign-debt-crisis.asp#toc-greek-example-of-european-crisis	388
38	39	eurozone crisis causes financial effects	0	https://www.adb.org/sites/default/files/publication/30164/economics-wp336-economic-impact-eurozone-debt-crisis.pdf	389
39	40	infants milestones developmental korea japan	0	https://data.unicef.org/topic/early-childhood-development/development-status/	390
39	40	infants milestones developmental korea japan	0	https://pubmed.ncbi.nlm.nih.gov/35182581/	391
39	40	infants milestones developmental korea japan	0	https://www.ncbi.nlm.nih.gov/pmc/articles/PMC5865595/	392
39	40	infants milestones developmental korea japan	0	https://pedrosopediatrics.com/Resources/Medical-Library/Newborns/Your-Preemie%E2%80%99s-Growth-Developmental-Milestones	393
39	40	infants milestones developmental korea japan	0	https://www.researchgate.net/figure/Korean-language-developmental-milestones_tbl2_246820440	394
39	40	infants milestones developmental korea japan	0	https://dclibrary.libnet.info/event/6774366	395
39	40	infants milestones developmental korea japan	0	https://www.koreascience.or.kr/article/JAKO201330258589767.page	396
39	40	infants milestones developmental korea japan	0	https://sonrisepediatrics.com/Your-Child-s-Growth-Developmental-Milestones	397
39	40	infants milestones developmental korea japan	0	https://jkms.org/search.php?where=aview&id=10.3346/jkms.2015.30.S1.S25&code=0063JKMS&vmode=REF	398
39	40	infants milestones developmental korea japan	0	http://theeagle.com/lifestyles/health-med-fit/article_5cdb53be-d2db-5290-b050-5d6213bfdfcc.html	399
40	41	entrepreneur succeed venture young web	0	https://www.investopedia.com/10-successful-young-entrepreneurs-4773310	400
40	41	entrepreneur succeed venture young web	0	https://www.entrepreneur.com/article/395724	401
40	41	entrepreneur succeed venture young web	0	https://www.entrepreneur.com/	402
40	41	entrepreneur succeed venture young web	0	https://www.inc.com/drew-hendricks/50-best-websites-for-entrepreneurs.html	403
40	41	entrepreneur succeed venture young web	0	https://www.theceomagazine.com/business/start-ups-entrepreneurs/entrepreneur-success-stories/	404
40	41	entrepreneur succeed venture young web	0	https://www.businessnewsdaily.com/5051-young-entrepreneurs.html	405
40	41	entrepreneur succeed venture young web	0	https://www.quora.com/Why-do-young-entrepreneurs-succeed	406
40	41	entrepreneur succeed venture young web	0	https://www.quora.com/What-does-it-take-to-succeed-as-a-young-entrepreneur	407
40	41	entrepreneur succeed venture young web	0	https://www8.gsb.columbia.edu/ventureforall/	408
40	41	entrepreneur succeed venture young web	0	https://www.ingentaconnect.com/contentone/asp/asl/2016/00000022/00000012/art00122	409
41	42	collagen vascular disease diagnosed sport	0	https://journals.sagepub.com/doi/pdf/10.1177/1358863X10382944	410
41	42	collagen vascular disease diagnosed sport	0	https://oxfordmedicine.com/view/10.1093/med/9780198569381.001.0001/med-9780198569381-chapter-036	411
41	42	collagen vascular disease diagnosed sport	0	https://www.ncbi.nlm.nih.gov/pmc/articles/PMC4232436/	412
41	42	collagen vascular disease diagnosed sport	0	https://jamanetwork.com/journals/jamanetworkopen/fullarticle/2776548	413
41	42	collagen vascular disease diagnosed sport	0	https://www.intechopen.com/chapters/65765	414
41	42	collagen vascular disease diagnosed sport	0	http://pgnrc.sbmu.ac.ir/uploads/Collagen_Vascular_Diseases.pdf	415
41	42	collagen vascular disease diagnosed sport	0	https://www.nicklauschildrens.org/conditions/collagen-vascular-diseases	416
41	42	collagen vascular disease diagnosed sport	0	https://medlineplus.gov/ency/article/001223.htm	417
41	42	collagen vascular disease diagnosed sport	0	https://rarediseases.org/rare-diseases/ehlers-danlos-syndrome/	418
41	42	collagen vascular disease diagnosed sport	0	https://kristv.com/news/local-news/2019/05/06/collagen-vascular-disease-makes-the-bodys-immune-system-attacks-its-own-tissues/	419
42	43	trip road vacation enjoyable boring	0	https://www.lonelyplanet.com/articles/how-to-survive-a-boring-road-trip	420
42	43	trip road vacation enjoyable boring	0	https://viatravelers.com/boring-vacation/	421
42	43	trip road vacation enjoyable boring	0	https://magazine.northeast.aaa.com/magazine/travel/road-trips/make-sure-your-road-trip-is-not-boring/	422
42	43	trip road vacation enjoyable boring	0	https://www.quora.com/How-can-I-make-a-road-trip-in-a-car-less-boring	423
42	43	trip road vacation enjoyable boring	0	https://www.quora.com/Why-does-vacation-seem-too-boring	424
42	43	trip road vacation enjoyable boring	0	https://www.quora.com/My-life-is-very-boring-I-have-very-few-friends-I-love-travelling-but-I-have-no-company-to-travel-What-should-I-do	425
42	43	trip road vacation enjoyable boring	0	https://www.quora.com/Why-do-I-get-bored-travelling-with-my-family	426
42	43	trip road vacation enjoyable boring	0	https://www.quora.com/How-can-I-enjoy-my-vacation-instead-of-being-bored	427
42	43	trip road vacation enjoyable boring	0	https://www.pinterest.com/pin/511088257690452496/	428
42	43	trip road vacation enjoyable boring	0	https://kidshealth.org/en/parents/road-trip.html	429
43	44	internet phone service web determine	0	https://wpforms.com/best-business-voip-and-internet-phone-systems/	430
43	44	internet phone service web determine	0	https://www.pcmag.com/picks/the-best-business-voip-providers	431
43	44	internet phone service web determine	0	https://www.pcmag.com/picks/finally-ditch-that-landline-the-best-voip-home-phone-services	432
43	44	internet phone service web determine	0	https://www.pcmag.com/reviews/microsoft-365-business-voice	433
43	44	internet phone service web determine	0	https://www.pcmag.com/reviews/intermedia-unite	434
43	44	internet phone service web determine	0	https://www.fcc.gov/general/voice-over-internet-protocol-voip	435
43	44	internet phone service web determine	0	https://www.ringcentral.com/internet-phone-service.html	436
43	44	internet phone service web determine	0	https://explore.zoom.us/en/internet-phone-service/	437
43	44	internet phone service web determine	0	https://www.nextiva.com/blog/what-is-voip.html	438
43	44	internet phone service web determine	0	https://www.nextiva.com/products/internet-phone-service-for-business.html	439
44	45	exploration article space spending argument	0	https://www.planetary.org/articles/space-exploration-is-always-worthwhile	440
44	45	exploration article space spending argument	0	https://time.com/5953877/spend-more-on-space-travel/	441
44	45	exploration article space spending argument	0	https://debatewise.org/137-space-exploration-is-a-waste-of-money/	442
44	45	exploration article space spending argument	0	https://theappalachianonline.com/opinion-spending-on-space-is-wasteful/	443
44	45	exploration article space spending argument	0	https://eandt.theiet.org/content/articles/2011/10/debate-for-and-against-space-exploration-is-space-research-a-waste-of-time/	444
44	45	exploration article space spending argument	0	https://www.thecrimson.com/column/brave-new-worlds/article/2020/5/6/leonard-illogical-case-for-space/	445
44	45	exploration article space spending argument	0	https://phys.org/news/2022-04-space-tourism-arguments-favor.html	446
44	45	exploration article space spending argument	0	https://www.researchgate.net/publication/258757220_Explaining_public_support_for_space_exploration_funding_in_America_A_multivariate_analysis	447
44	45	exploration article space spending argument	0	https://www.smithsonianmag.com/air-space-magazine/the-real-reasons-we-explore-space-18816871/	448
44	45	exploration article space spending argument	0	https://medium.com/teamindus/all-the-arguments-for-space-exploration-ever-677858e7e0ae	449
45	46	minority target employees policy women	0	https://corporate.target.com/press/releases/2020/09/Target-Releases-Workforce-Diversity-Report-Plans-t	450
45	46	minority target employees policy women	0	https://corporate.target.com/sustainability-ESG/diversity-equity-inclusion/team-members-guests/women	451
45	46	minority target employees policy women	0	https://corporate.target.com/sustainability-esg/diversity-equity-inclusion	452
45	46	minority target employees policy women	0	https://corporate.target.com/sustainability-ESG/diversity-equity-inclusion/workforce-diversity	453
45	46	minority target employees policy women	0	https://hbr.org/2018/03/for-women-and-minorities-to-get-ahead-managers-must-assign-work-fairly	454
45	46	minority target employees policy women	0	https://www.ilo.org/wcmsp5/groups/public/---ed_emp/---emp_ent/---multi/documents/publication/wcms_756721.pdf	455
45	46	minority target employees policy women	0	https://etfdb.com/dual-impact-channel/target-is-boosting-black-women-entrepeneurs/	456
45	46	minority target employees policy women	0	https://feminist.org/news/target-forced-to-pay-2-8-million-to-women-and-minority-applicants/	457
45	46	minority target employees policy women	0	https://www.bloomberg.com/news/articles/2021-07-28/target-s-pledge-to-boost-its-black-workforce-fell-short-in-2020	458
45	46	minority target employees policy women	0	https://www.fdic.gov/about/diversity/program-guidance.html	459
46	47	swahili recipes dishes traditional ingredients	0	https://cookpad.com/us/search/swahili	460
46	47	swahili recipes dishes traditional ingredients	0	https://africageographic.com/stories/six-swahili-food-dishes-wont-want-miss/	461
46	47	swahili recipes dishes traditional ingredients	0	https://swahilifood.com/	462
46	47	swahili recipes dishes traditional ingredients	0	https://mayuris-jikoni.com/tag/swahili-cuisine/	463
46	47	swahili recipes dishes traditional ingredients	0	https://www.pinterest.com/slutomia/swahili-food/	464
46	47	swahili recipes dishes traditional ingredients	0	https://www.pinterest.com/dkarama/swahili-recipes/	465
46	47	swahili recipes dishes traditional ingredients	0	https://www.swahilidelicacies.com/category/dish-types/main-dishes/	466
46	47	swahili recipes dishes traditional ingredients	0	https://ling-app.com/sw/swahili-food/	467
46	47	swahili recipes dishes traditional ingredients	0	https://ling-app.com/sw/food-ingredients-in-swahili/	468
46	47	swahili recipes dishes traditional ingredients	0	https://www.tuko.co.ke/271894-best-kenyan-swahili-dishes-recipes.html	469
47	48	evaluations evaluate promoted manager employee	0	https://smallbusiness.chron.com/evaluate-employee-promotion-21936.html	470
47	48	evaluations evaluate promoted manager employee	0	https://startup.info/how-to-evaluate-an-employee-for-a-promotion/	471
47	48	evaluations evaluate promoted manager employee	0	https://enveritasgroup.com/campfire/evaluating-employees-promotion/	472
47	48	evaluations evaluate promoted manager employee	0	https://www.indeed.com/career-advice/career-development/how-to-write-an-employee-evaluation	473
47	48	evaluations evaluate promoted manager employee	0	https://www.forbes.com/sites/ashiraprossack1/2018/06/29/how-managers-choose-the-employees-they-promote/	474
47	48	evaluations evaluate promoted manager employee	0	https://www.freshbooks.com/hub/leadership/evaluate-an-employee	475
47	48	evaluations evaluate promoted manager employee	0	https://www.montclair.edu/human-resources/learning-and-development/performance-evaluation-managers/	476
47	48	evaluations evaluate promoted manager employee	0	https://www.linkedin.com/pulse/three-employee-performance-evaluation-practices-we-should-cottrill	477
47	48	evaluations evaluate promoted manager employee	0	https://www.siteware.co/team-management/how-to-do-an-employee-evaluation/	478
47	48	evaluations evaluate promoted manager employee	0	https://www.slideshare.net/tonychoper2904/promotion-manager-perfomance-appraisal-2	479
48	49	hydroelectricity hydroelectric turbines turbine kwh	0	https://www.renewablesfirst.co.uk/hydropower/hydropower-learning-centre/how-much-power-could-i-generate-from-a-hydro-turbine/	480
48	49	hydroelectricity hydroelectric turbines turbine kwh	0	https://www.renewablesfirst.co.uk/hydropower/hydropower-learning-centre/how-much-energy-could-i-generate-from-a-hydro-turbine/	481
48	49	hydroelectricity hydroelectric turbines turbine kwh	0	https://www.energy.gov/eere/water/types-hydropower-plants	482
48	49	hydroelectricity hydroelectric turbines turbine kwh	0	https://www.usbr.gov/power/edu/pamphlet.pdf	483
48	49	hydroelectricity hydroelectric turbines turbine kwh	0	https://www.irena.org/costs/Power-Generation-Costs/Hydropower	484
48	49	hydroelectricity hydroelectric turbines turbine kwh	0	https://www.eia.gov/energyexplained/hydropower/	485
48	49	hydroelectricity hydroelectric turbines turbine kwh	0	https://www.omnicalculator.com/ecology/hydroelectric-power	486
48	49	hydroelectricity hydroelectric turbines turbine kwh	0	https://en.wikipedia.org/wiki/Hydroelectricity	487
48	49	hydroelectricity hydroelectric turbines turbine kwh	0	https://www.sciencedirect.com/topics/engineering/hydroelectric-power	488
48	49	hydroelectricity hydroelectric turbines turbine kwh	0	https://www.nrcan.gc.ca/sites/www.nrcan.gc.ca/files/canmetenergy/files/pubs/Intro_MicroHydro_ENG.pdf	489
49	50	eurozone indicators crisis gdp effects	0	https://www.ecb.europa.eu/pub/economic-bulletin/focus/2021/html/ecb.ebbox202105_03~267ada0d38.en.html	490
49	50	eurozone indicators crisis gdp effects	0	https://www.ecb.europa.eu/pub/pdf/scpops/ecb.op291~18b5f6e6a4.en.pdf	491
49	50	eurozone indicators crisis gdp effects	0	https://www.researchgate.net/figure/Long-tem-effect-of-the-crisis-on-GDP-in-the-Euro-area_fig1_227590818	492
49	50	eurozone indicators crisis gdp effects	0	https://www.adb.org/sites/default/files/publication/156225/adbi-wp370.pdf	493
49	50	eurozone indicators crisis gdp effects	0	https://voxeu.org/article/eu-economy-after-covid-19-implications-economic-governance	494
49	50	eurozone indicators crisis gdp effects	0	https://epthinktank.eu/2014/03/06/selected-indicators-on-the-economic-impact-of-the-crisis/	495
49	50	eurozone indicators crisis gdp effects	0	https://www.intereconomics.eu/contents/year/2022/number/1/article/how-large-is-the-risk-of-stagflation-in-the-eurozone.html	496
49	50	eurozone indicators crisis gdp effects	0	https://www.u-picardie.fr/eastwest/fichiers/art183.pdf	497
49	50	eurozone indicators crisis gdp effects	0	https://commonslibrary.parliament.uk/research-briefings/sn02784/	498
49	50	eurozone indicators crisis gdp effects	0	https://www.bloomberg.com/news/articles/2022-04-29/recession-threat-hangs-over-europe-s-fragile-economic-growth	499
50	51	massacre arthur victims killer port	0	https://en.wikipedia.org/wiki/Port_Arthur_massacre_(Australia)	500
50	51	massacre arthur victims killer port	0	https://en.wikipedia.org/wiki/Martin_Bryant	501
50	51	massacre arthur victims killer port	0	https://www.history.com/this-day-in-history/port-arthur-massacre-in-australia	502
50	51	massacre arthur victims killer port	0	https://www.britannica.com/event/Port-Arthur-Massacre	503
50	51	massacre arthur victims killer port	0	https://7news.com.au/spotlight/martin-bryants-dark-secrets-claims-killed-father-and-friend-prior-to-port-arthur-massacre-c-2913266	504
50	51	massacre arthur victims killer port	0	https://www.amf.org.au/about-us/	505
50	51	massacre arthur victims killer port	0	https://www.news.com.au/national/crime/dim-fat-angry-mass-murderer-martin-bryant-25-years-after-port-arthur-massacre/news-story/afc305a349cec614291ff9fef6aebe87	506
50	51	massacre arthur victims killer port	0	https://journals.sagepub.com/doi/pdf/10.3109/10398569709082279	507
50	51	massacre arthur victims killer port	0	https://www.abc.net.au/news/2021-04-27/port-arthur-25-years-ago-it-changed-these-mens-lives-forever/100095946	508
50	51	massacre arthur victims killer port	0	https://www.smh.com.au/national/from-the-archives-1997-port-arthur-remembered-by-those-trying-to-forget-20220421-p5af5d.html	509
51	52	uk countries security health safety	0	https://www.gov.uk/guidance/safety-and-security-requirements-on-imports-and-exports	510
51	52	uk countries security health safety	0	https://www.trade.gov/country-commercial-guides/united-kingdom-safety-and-security	511
51	52	uk countries security health safety	0	https://assets.publishing.service.gov.uk/government/uploads/system/uploads/attachment_data/file/228539/7291.pdf	512
51	52	uk countries security health safety	0	https://assets.publishing.service.gov.uk/government/uploads/system/uploads/attachment_data/file/456984/IndependentReport_GHS_acc.pdf	513
51	52	uk countries security health safety	0	https://www.pwc.com/gx/en/industries/government-public-services/public-sector-research-centre/achieving-safety-security.html	514
51	52	uk countries security health safety	0	https://ukhsa.blog.gov.uk/	515
51	52	uk countries security health safety	0	https://www.mi5.gov.uk/resources-and-links	516
51	52	uk countries security health safety	0	https://www.ghsindex.org/	517
51	52	uk countries security health safety	0	https://www.hse.gov.uk/pubns/hse49.pdf	518
51	52	uk countries security health safety	0	https://www.osce.org/	519
52	53	ira 403 retirement employer contribute	0	https://www.irs.gov/retirement-plans/plan-participant-employee/retirement-topics-403b-contribution-limits	520
52	53	ira 403 retirement employer contribute	0	https://www.investopedia.com/ask/answers/101314/what-are-advantages-and-disadvantages-getting-403b-vs-roth-ira.asp	521
52	53	ira 403 retirement employer contribute	0	https://www.irs.gov/retirement-plans/retirement-plans-faqs-regarding-403b-tax-sheltered-annuity-plans	522
52	53	ira 403 retirement employer contribute	0	https://www.fool.com/retirement/plans/403b/	523
52	53	ira 403 retirement employer contribute	0	https://www.fool.com/retirement/plans/403b/contribution-limits/	524
52	53	ira 403 retirement employer contribute	0	https://www.bankrate.com/retirement/403b-plan/	525
52	53	ira 403 retirement employer contribute	0	https://www.ntsa-net.org/news-resources/retail-403b-and-sep-ira-pairing	526
52	53	ira 403 retirement employer contribute	0	https://money.usnews.com/money/retirement/401ks/articles/what-is-a-403-b	527
52	53	ira 403 retirement employer contribute	0	https://www.kiplinger.com/retirement/retirement-plans/603950/403b-contribution-limits-for-2022	528
52	53	ira 403 retirement employer contribute	0	https://www.thebalance.com/what-is-a-403-b-plan-2385769	529
53	54	connecticut firemen academy curriculum graduates	0	https://portal.ct.gov/CFPC/_old/Recruit-Firefighter-Program/Connecticut-Fire-Academy-Recruit-Firefighter-Class--53-to-Graduate	530
53	54	connecticut firemen academy curriculum graduates	0	https://portal.ct.gov/CFPC/_old/CT-Fire-Academy/Training/Recruit-Class-50-to-Graduate	531
53	54	connecticut firemen academy curriculum graduates	0	https://www.facebook.com/CTFireAcademy/posts	532
53	54	connecticut firemen academy curriculum graduates	0	https://www.facebook.com/CTFireAcademy/	533
53	54	connecticut firemen academy curriculum graduates	0	https://www.nhregister.com/news/article/Connecticut-Fire-Academy-graduates-class-of-46-11572008.php	534
53	54	connecticut firemen academy curriculum graduates	0	https://www1.ctdol.state.ct.us/etc/program_list.asp?strProgType=ONET&intonet=33102100	535
53	54	connecticut firemen academy curriculum graduates	0	https://www.swccd.edu/programs-and-academics/career-education/public-safety-and-services/fire-science/	536
53	54	connecticut firemen academy curriculum graduates	0	https://www.firescience.org/fire-science-degrees-and-programs/connecticut/	537
53	54	connecticut firemen academy curriculum graduates	0	https://catalog.gatewayct.edu/preview_program.php?catoid=7&poid=894	538
53	54	connecticut firemen academy curriculum graduates	0	https://www.fairfieldct.org/filestorage/79/143/35214/89686/01-09-2020_pkg2.pdf	539
54	55	interview chase applying computational microsoft	0	https://www.geeksforgeeks.org/jp-morgan-chase-co-jpmc-interview-experience-full-time-software-engineer/	540
54	55	interview chase applying computational microsoft	0	https://www.geeksforgeeks.org/jp-morgan-chase-co-jpmc-interview-experience-for-data-science-profile/	541
54	55	interview chase applying computational microsoft	0	https://www.geekwire.com/2019/interview-jpmorgan-chase-ceo-jamie-dimon-ai-cloud-banks-big-bet-seattle-tech/	542
54	55	interview chase applying computational microsoft	0	https://www.wikijob.co.uk/interview-advice/company-interview-questions/jp-morgan	543
54	55	interview chase applying computational microsoft	0	https://www.edureka.co/blog/interview-questions/azure-interview-questions/	544
54	55	interview chase applying computational microsoft	0	https://www.mycareersfuture.gov.sg/job/banking-finance/applied-ai-machine-learning-cib-global-research-vice-president-jpmorgan-chase-bank-na-5d7790602e393b0f7c6165736e3a041d	545
54	55	interview chase applying computational microsoft	0	https://www.pcworld.com/article/411208/report-microsofts-home-hub-will-chase-amazons-echo-as-a-software-service.html	546
54	55	interview chase applying computational microsoft	0	https://news.fiu.edu/2019/my-internship-at-jpmorgan-chase	547
54	55	interview chase applying computational microsoft	0	https://www.sundayguardianlive.com/tech/1-billion-microsoft-ai-lab-wants-mimic-brain	548
54	55	interview chase applying computational microsoft	0	https://www.microsoft.com/en-us/research/uploads/prod/2019/03/amershi-icse-2019_Software_Engineering_for_Machine_Learning.pdf	549
55	56	pocono mountains articles resorts summary	0	https://www.planetware.com/pennsylvania/top-rated-resorts-in-the-poconos-us-pa-181.htm	550
55	56	pocono mountains articles resorts summary	0	https://travel.usnews.com/gallery/top-poconos-resorts-to-visit	551
55	56	pocono mountains articles resorts summary	0	https://www.britannica.com/place/Pocono-Mountains	552
55	56	pocono mountains articles resorts summary	0	https://www.resortsandlodges.com/resort-type/mountain-resorts/usa/pennsylvania/pocono.html	553
55	56	pocono mountains articles resorts summary	0	https://www.monroehistorical.org/articles_files/070106_pocmtnhouse.html	554
55	56	pocono mountains articles resorts summary	0	https://traveladdicts.net/abandoned-resorts-poconos/	555
55	56	pocono mountains articles resorts summary	0	https://www.poconomountains.com/articles/post/fresh-new-look-to-pocono-mountains-pa-official-tourism-website/	556
55	56	pocono mountains articles resorts summary	0	https://newyorklifestylesmagazine.com/articles/2019/02/28.html	557
55	56	pocono mountains articles resorts summary	0	https://www.poconotoprentals.com/blog/pocono-mountains-dreamy-place-to-visit	558
55	56	pocono mountains articles resorts summary	0	https://en.wikipedia.org/wiki/Pocono_Mountains	559
56	57	competitions miss lara indian india	0	https://www.ndtv.com/entertainment/lara-dutta-on-why-there-hasnt-been-an-indian-miss-universe-since-her-679372	560
56	57	competitions miss lara indian india	0	https://www.indiatimes.com/trending/social-relevance/indian-beauties-who-made-us-proud-at-international-beauty-pageants-556928.html	561
56	57	competitions miss lara indian india	0	https://en.wikipedia.org/wiki/Femina_Miss_India	562
56	57	competitions miss lara indian india	0	https://en.wikipedia.org/wiki/Femina_Miss_India_2016	563
56	57	competitions miss lara indian india	0	https://en.wikipedia.org/wiki/Femina_(India)	564
56	57	competitions miss lara indian india	0	https://en.wikipedia.org/wiki/Manasa_Varanasi	565
56	57	competitions miss lara indian india	0	https://en.wikipedia.org/wiki/Suman_Rao	566
56	57	competitions miss lara indian india	0	https://www.pinterest.com/pin/343892121516964272/	567
56	57	competitions miss lara indian india	0	https://www.indiatoday.in/lifestyle/celebrity/story/sushmita-sen-lara-dutta-and-harnaaz-sandhu-india-s-3-miss-universe-winners-1887273-2021-12-13	568
56	57	competitions miss lara indian india	0	https://www.indiatoday.in/lifestyle/celebrity/story/lara-dutta-created-a-miss-universe-record-that-no-one-has-broken-yet-1337497-2018-09-11	569
57	58	evaluation teachers principal students teacher	0	https://www.edutopia.org/article/tips-principals-better-teacher-evaluations	570
57	58	evaluation teachers principal students teacher	0	https://www.k12northstar.org/evaluations	571
57	58	evaluation teachers principal students teacher	0	https://files.eric.ed.gov/fulltext/EJ737642.pdf	572
57	58	evaluation teachers principal students teacher	0	https://core.ac.uk/download/pdf/58820707.pdf	573
57	58	evaluation teachers principal students teacher	0	https://www.mathematica.org/blogs/incorporating-teacher-voices-into-principal-evaluations-could-improve-leadership	574
57	58	evaluation teachers principal students teacher	0	https://aquila.usm.edu/cgi/viewcontent.cgi?article=2891&context=dissertations	575
57	58	evaluation teachers principal students teacher	0	https://www.edweek.org/leadership/8-ways-to-make-teacher-evaluations-meaningful-and-low-stress/2019/10	576
57	58	evaluation teachers principal students teacher	0	https://www.schools.nyc.gov/about-us/vision-and-mission/teacher-and-principal-evaluation	577
57	58	evaluation teachers principal students teacher	0	https://wvsd208.org/staff/teacher-principal-evaluation-project	578
57	58	evaluation teachers principal students teacher	0	https://www.nassp.org/publication/principal-leadership/volume-20/principal-leadership-march-2020/teacher-evaluations-march-2020/	579
58	59	philadelphia trip miles train accessible	0	https://www.visitphilly.com/getting-around/	580
58	59	philadelphia trip miles train accessible	0	https://www.visitphilly.com/getting-here/	581
58	59	philadelphia trip miles train accessible	0	https://www.amtrak.com/skip-the-flight-or-bus-to-philadelphia-travel-by-train	582
58	59	philadelphia trip miles train accessible	0	https://wheelchairtravel.org/philadelphia/public-transportation/	583
58	59	philadelphia trip miles train accessible	0	https://www.lonelyplanet.com/articles/getting-around-philadelphia	584
58	59	philadelphia trip miles train accessible	0	https://usebounce.com/guides/philadelphia/how-to-get-around-philadelphia	585
58	59	philadelphia trip miles train accessible	0	https://www.septa.org/welcome/welcome.html	586
58	59	philadelphia trip miles train accessible	0	https://www.tripsavvy.com/public-transportation-in-philadelphia-2669566	587
58	59	philadelphia trip miles train accessible	0	https://www.discoverphl.com/blog/planning-safe-travel-to-philadelphia/	588
58	59	philadelphia trip miles train accessible	0	https://www.thrillist.com/lifestyle/philadelphia/day-trips-from-philadelphia-pennsylvania	589
59	60	charities donate africa malaria aids	0	https://www.givewell.org/charities/amf	590
59	60	charities donate africa malaria aids	0	https://www.givewell.org/charities/amf#Summary	591
59	60	charities donate africa malaria aids	0	https://www.givewell.org/charities/amf#What_do_they_do?	592
59	60	charities donate africa malaria aids	0	https://www.givewell.org/charities/amf#Does_it_work?	593
59	60	charities donate africa malaria aids	0	https://www.givewell.org/charities/amf#What_do_you_get_for_your_dollar?	594
59	60	charities donate africa malaria aids	0	https://www.thelifeyoucansave.org/causes-to-support/malaria-charities/	595
59	60	charities donate africa malaria aids	0	https://www.thelifeyoucansave.org/best-charities/against-malaria-foundation/	596
59	60	charities donate africa malaria aids	0	https://www.theglobalfund.org/	597
59	60	charities donate africa malaria aids	0	https://www.canadahelps.org/en/charities/CHAMA/	598
59	60	charities donate africa malaria aids	0	https://www.malariaconsortium.org/support/donate.htm	599
